TREATMENT,SUBJECT_NAME,APP_PACKAGE,RUN_NUMBER,STRATEGY_CLASS,DURATION,NUMBER_OF_URLS,NUMBER_OF_SELECTED_CHILDREN_NODES,NUMBER_OF_CHILDREN_NODES,STRATEGY_RUN_SUCCESSFULLY
nappagreedy,UOB TimeTable,com.ak.uobtimetable,1,"GreedyPrefetchingStrategyOnVisitFrequencyAndTime",231302,0,0,0,True
nappagreedy,UOB TimeTable,com.ak.uobtimetable,1,"GreedyPrefetchingStrategyOnVisitFrequencyAndTime",82135,0,0,0,True
nappagreedy,UOB TimeTable,com.ak.uobtimetable,1,"GreedyPrefetchingStrategyOnVisitFrequencyAndTime",47865,0,0,0,True
nappagreedy,UOB TimeTable,com.ak.uobtimetable,1,"GreedyPrefetchingStrategyOnVisitFrequencyAndTime",1280468,0,2,1,False
nappagreedy,UOB TimeTable,com.ak.uobtimetable,1,"GreedyPrefetchingStrategyOnVisitFrequencyAndTime",811875,0,3,1,True
nappagreedy,UOB TimeTable,com.ak.uobtimetable,1,"GreedyPrefetchingStrategyOnVisitFrequencyAndTime",578386,0,3,1,True
nappagreedy,UOB TimeTable,com.ak.uobtimetable,1,"GreedyPrefetchingStrategyOnVisitFrequencyAndTime",730000,0,3,1,True
nappagreedy,UOB TimeTable,com.ak.uobtimetable,1,"GreedyPrefetchingStrategyOnVisitFrequencyAndTime",1705209,0,3,1,True
nappagreedy,UOB TimeTable,com.ak.uobtimetable,2,"GreedyPrefetchingStrategyOnVisitFrequencyAndTime",894843,0,3,1,True
nappagreedy,UOB TimeTable,com.ak.uobtimetable,2,"GreedyPrefetchingStrategyOnVisitFrequencyAndTime",290468,0,3,1,True
nappagreedy,UOB TimeTable,com.ak.uobtimetable,2,"GreedyPrefetchingStrategyOnVisitFrequencyAndTime",541510,0,3,1,True
nappagreedy,UOB TimeTable,com.ak.uobtimetable,2,"GreedyPrefetchingStrategyOnVisitFrequencyAndTime",787500,0,3,1,True
nappagreedy,UOB TimeTable,com.ak.uobtimetable,2,"GreedyPrefetchingStrategyOnVisitFrequencyAndTime",3583750,0,3,1,True
nappagreedy,UOB TimeTable,com.ak.uobtimetable,2,"GreedyPrefetchingStrategyOnVisitFrequencyAndTime",580261,0,3,1,True
nappagreedy,UOB TimeTable,com.ak.uobtimetable,2,"GreedyPrefetchingStrategyOnVisitFrequencyAndTime",648021,0,3,1,True
nappagreedy,UOB TimeTable,com.ak.uobtimetable,2,"GreedyPrefetchingStrategyOnVisitFrequencyAndTime",661250,0,3,1,True
nappagreedy,UOB TimeTable,com.ak.uobtimetable,3,"GreedyPrefetchingStrategyOnVisitFrequencyAndTime",1102500,0,3,1,True
nappagreedy,UOB TimeTable,com.ak.uobtimetable,3,"GreedyPrefetchingStrategyOnVisitFrequencyAndTime",305781,0,3,1,True
nappagreedy,UOB TimeTable,com.ak.uobtimetable,3,"GreedyPrefetchingStrategyOnVisitFrequencyAndTime",591875,0,3,1,True
nappagreedy,UOB TimeTable,com.ak.uobtimetable,3,"GreedyPrefetchingStrategyOnVisitFrequencyAndTime",514844,0,3,1,True
nappagreedy,UOB TimeTable,com.ak.uobtimetable,3,"GreedyPrefetchingStrategyOnVisitFrequencyAndTime",697760,0,3,1,True
nappagreedy,UOB TimeTable,com.ak.uobtimetable,3,"GreedyPrefetchingStrategyOnVisitFrequencyAndTime",548698,0,3,1,True
nappagreedy,UOB TimeTable,com.ak.uobtimetable,3,"GreedyPrefetchingStrategyOnVisitFrequencyAndTime",989532,0,3,1,True
nappagreedy,UOB TimeTable,com.ak.uobtimetable,3,"GreedyPrefetchingStrategyOnVisitFrequencyAndTime",676770,0,3,1,True
nappagreedy,AntennaPod,de.danoeh.antennapod.debug,1,"GreedyPrefetchingStrategyOnVisitFrequencyAndTime",777968,0,0,0,True
nappagreedy,AntennaPod,de.danoeh.antennapod.debug,1,"GreedyPrefetchingStrategyOnVisitFrequencyAndTime",45625,0,0,0,True
nappagreedy,AntennaPod,de.danoeh.antennapod.debug,1,"GreedyPrefetchingStrategyOnVisitFrequencyAndTime",510052,0,1,1,True
nappagreedy,AntennaPod,de.danoeh.antennapod.debug,1,"GreedyPrefetchingStrategyOnVisitFrequencyAndTime",46979,0,0,0,True
nappagreedy,AntennaPod,de.danoeh.antennapod.debug,1,"GreedyPrefetchingStrategyOnVisitFrequencyAndTime",269479,0,1,2,True
nappagreedy,AntennaPod,de.danoeh.antennapod.debug,1,"GreedyPrefetchingStrategyOnVisitFrequencyAndTime",52708,0,0,0,True
nappagreedy,AntennaPod,de.danoeh.antennapod.debug,1,"GreedyPrefetchingStrategyOnVisitFrequencyAndTime",336510,1,1,2,True
nappagreedy,AntennaPod,de.danoeh.antennapod.debug,1,"GreedyPrefetchingStrategyOnVisitFrequencyAndTime",95677,0,0,0,True
nappagreedy,AntennaPod,de.danoeh.antennapod.debug,1,"GreedyPrefetchingStrategyOnVisitFrequencyAndTime",302812,1,1,2,True
nappagreedy,AntennaPod,de.danoeh.antennapod.debug,1,"GreedyPrefetchingStrategyOnVisitFrequencyAndTime",57760,0,0,0,True
nappagreedy,AntennaPod,de.danoeh.antennapod.debug,1,"GreedyPrefetchingStrategyOnVisitFrequencyAndTime",354271,1,1,2,True
nappagreedy,AntennaPod,de.danoeh.antennapod.debug,1,"GreedyPrefetchingStrategyOnVisitFrequencyAndTime",62188,0,0,0,True
nappagreedy,AntennaPod,de.danoeh.antennapod.debug,1,"GreedyPrefetchingStrategyOnVisitFrequencyAndTime",4377083,1,1,2,True
nappagreedy,AntennaPod,de.danoeh.antennapod.debug,1,"GreedyPrefetchingStrategyOnVisitFrequencyAndTime",52969,0,0,0,True
nappagreedy,AntennaPod,de.danoeh.antennapod.debug,1,"GreedyPrefetchingStrategyOnVisitFrequencyAndTime",913073,1,1,3,True
nappagreedy,AntennaPod,de.danoeh.antennapod.debug,1,"GreedyPrefetchingStrategyOnVisitFrequencyAndTime",55989,0,0,0,True
nappagreedy,AntennaPod,de.danoeh.antennapod.debug,1,"GreedyPrefetchingStrategyOnVisitFrequencyAndTime",2786979,1,1,4,True
nappagreedy,AntennaPod,de.danoeh.antennapod.debug,1,"GreedyPrefetchingStrategyOnVisitFrequencyAndTime",69167,0,0,0,True
nappagreedy,AntennaPod,de.danoeh.antennapod.debug,1,"GreedyPrefetchingStrategyOnVisitFrequencyAndTime",1537344,1,1,4,True
nappagreedy,AntennaPod,de.danoeh.antennapod.debug,1,"GreedyPrefetchingStrategyOnVisitFrequencyAndTime",57917,0,0,0,True
nappagreedy,AntennaPod,de.danoeh.antennapod.debug,1,"GreedyPrefetchingStrategyOnVisitFrequencyAndTime",541406,1,1,4,True
nappagreedy,AntennaPod,de.danoeh.antennapod.debug,1,"GreedyPrefetchingStrategyOnVisitFrequencyAndTime",61250,0,0,0,True
nappagreedy,AntennaPod,de.danoeh.antennapod.debug,2,"GreedyPrefetchingStrategyOnVisitFrequencyAndTime",810469,0,1,4,True
nappagreedy,AntennaPod,de.danoeh.antennapod.debug,2,"GreedyPrefetchingStrategyOnVisitFrequencyAndTime",63646,0,0,0,True
nappagreedy,AntennaPod,de.danoeh.antennapod.debug,2,"GreedyPrefetchingStrategyOnVisitFrequencyAndTime",1032968,1,1,4,True
nappagreedy,AntennaPod,de.danoeh.antennapod.debug,2,"GreedyPrefetchingStrategyOnVisitFrequencyAndTime",42864,0,0,0,True
nappagreedy,AntennaPod,de.danoeh.antennapod.debug,2,"GreedyPrefetchingStrategyOnVisitFrequencyAndTime",537969,1,1,4,True
nappagreedy,AntennaPod,de.danoeh.antennapod.debug,2,"GreedyPrefetchingStrategyOnVisitFrequencyAndTime",69583,0,0,0,True
nappagreedy,AntennaPod,de.danoeh.antennapod.debug,2,"GreedyPrefetchingStrategyOnVisitFrequencyAndTime",514531,1,1,4,True
nappagreedy,AntennaPod,de.danoeh.antennapod.debug,2,"GreedyPrefetchingStrategyOnVisitFrequencyAndTime",50729,0,0,0,True
nappagreedy,AntennaPod,de.danoeh.antennapod.debug,2,"GreedyPrefetchingStrategyOnVisitFrequencyAndTime",809375,1,1,4,True
nappagreedy,AntennaPod,de.danoeh.antennapod.debug,2,"GreedyPrefetchingStrategyOnVisitFrequencyAndTime",58958,0,0,0,True
nappagreedy,AntennaPod,de.danoeh.antennapod.debug,2,"GreedyPrefetchingStrategyOnVisitFrequencyAndTime",482083,1,1,4,True
nappagreedy,AntennaPod,de.danoeh.antennapod.debug,2,"GreedyPrefetchingStrategyOnVisitFrequencyAndTime",53490,0,0,0,True
nappagreedy,AntennaPod,de.danoeh.antennapod.debug,2,"GreedyPrefetchingStrategyOnVisitFrequencyAndTime",532396,1,1,4,True
nappagreedy,AntennaPod,de.danoeh.antennapod.debug,2,"GreedyPrefetchingStrategyOnVisitFrequencyAndTime",66980,0,0,0,True
nappagreedy,AntennaPod,de.danoeh.antennapod.debug,2,"GreedyPrefetchingStrategyOnVisitFrequencyAndTime",740104,1,1,4,True
nappagreedy,AntennaPod,de.danoeh.antennapod.debug,2,"GreedyPrefetchingStrategyOnVisitFrequencyAndTime",80573,0,0,0,True
nappagreedy,AntennaPod,de.danoeh.antennapod.debug,2,"GreedyPrefetchingStrategyOnVisitFrequencyAndTime",559270,1,1,4,True
nappagreedy,AntennaPod,de.danoeh.antennapod.debug,2,"GreedyPrefetchingStrategyOnVisitFrequencyAndTime",49895,0,0,0,True
nappagreedy,AntennaPod,de.danoeh.antennapod.debug,2,"GreedyPrefetchingStrategyOnVisitFrequencyAndTime",688334,1,1,4,True
nappagreedy,AntennaPod,de.danoeh.antennapod.debug,2,"GreedyPrefetchingStrategyOnVisitFrequencyAndTime",56667,0,0,0,True
nappagreedy,AntennaPod,de.danoeh.antennapod.debug,2,"GreedyPrefetchingStrategyOnVisitFrequencyAndTime",587187,1,1,4,True
nappagreedy,AntennaPod,de.danoeh.antennapod.debug,2,"GreedyPrefetchingStrategyOnVisitFrequencyAndTime",50417,0,0,0,True
nappagreedy,AntennaPod,de.danoeh.antennapod.debug,3,"GreedyPrefetchingStrategyOnVisitFrequencyAndTime",1087604,0,1,4,True
nappagreedy,AntennaPod,de.danoeh.antennapod.debug,3,"GreedyPrefetchingStrategyOnVisitFrequencyAndTime",52187,0,0,0,True
nappagreedy,AntennaPod,de.danoeh.antennapod.debug,3,"GreedyPrefetchingStrategyOnVisitFrequencyAndTime",1097552,1,1,4,True
nappagreedy,AntennaPod,de.danoeh.antennapod.debug,3,"GreedyPrefetchingStrategyOnVisitFrequencyAndTime",50886,0,0,0,True
nappagreedy,AntennaPod,de.danoeh.antennapod.debug,3,"GreedyPrefetchingStrategyOnVisitFrequencyAndTime",534844,1,1,4,True
nappagreedy,AntennaPod,de.danoeh.antennapod.debug,3,"GreedyPrefetchingStrategyOnVisitFrequencyAndTime",307812,0,0,0,True
nappagreedy,AntennaPod,de.danoeh.antennapod.debug,3,"GreedyPrefetchingStrategyOnVisitFrequencyAndTime",493750,1,1,4,True
nappagreedy,AntennaPod,de.danoeh.antennapod.debug,3,"GreedyPrefetchingStrategyOnVisitFrequencyAndTime",52865,0,0,0,True
nappagreedy,AntennaPod,de.danoeh.antennapod.debug,3,"GreedyPrefetchingStrategyOnVisitFrequencyAndTime",477604,1,1,4,True
nappagreedy,AntennaPod,de.danoeh.antennapod.debug,3,"GreedyPrefetchingStrategyOnVisitFrequencyAndTime",66562,0,0,0,True
nappagreedy,AntennaPod,de.danoeh.antennapod.debug,3,"GreedyPrefetchingStrategyOnVisitFrequencyAndTime",490938,1,1,4,True
nappagreedy,AntennaPod,de.danoeh.antennapod.debug,3,"GreedyPrefetchingStrategyOnVisitFrequencyAndTime",64062,0,0,0,True
nappagreedy,AntennaPod,de.danoeh.antennapod.debug,3,"GreedyPrefetchingStrategyOnVisitFrequencyAndTime",1038645,1,1,4,True
nappagreedy,AntennaPod,de.danoeh.antennapod.debug,3,"GreedyPrefetchingStrategyOnVisitFrequencyAndTime",63594,0,0,0,True
nappagreedy,AntennaPod,de.danoeh.antennapod.debug,3,"GreedyPrefetchingStrategyOnVisitFrequencyAndTime",3066563,1,1,4,True
nappagreedy,AntennaPod,de.danoeh.antennapod.debug,3,"GreedyPrefetchingStrategyOnVisitFrequencyAndTime",70625,0,0,0,True
nappagreedy,AntennaPod,de.danoeh.antennapod.debug,3,"GreedyPrefetchingStrategyOnVisitFrequencyAndTime",948958,1,1,4,True
nappagreedy,AntennaPod,de.danoeh.antennapod.debug,3,"GreedyPrefetchingStrategyOnVisitFrequencyAndTime",60000,0,0,0,True
nappagreedy,AntennaPod,de.danoeh.antennapod.debug,3,"GreedyPrefetchingStrategyOnVisitFrequencyAndTime",702448,1,1,4,True
nappagreedy,AntennaPod,de.danoeh.antennapod.debug,3,"GreedyPrefetchingStrategyOnVisitFrequencyAndTime",59479,0,0,0,True
nappagreedy,AntennaPod,de.danoeh.antennapod.debug,3,"GreedyPrefetchingStrategyOnVisitFrequencyAndTime",577917,1,1,4,True
nappagreedy,AntennaPod,de.danoeh.antennapod.debug,3,"GreedyPrefetchingStrategyOnVisitFrequencyAndTime",57343,0,0,0,True
nappagreedy,Materialistic,io.github.hidroh.materialistic,1,"GreedyPrefetchingStrategyOnVisitFrequencyAndTime",263646,0,0,0,True
nappagreedy,Materialistic,io.github.hidroh.materialistic,1,"GreedyPrefetchingStrategyOnVisitFrequencyAndTime",56979,0,0,0,True
nappagreedy,Materialistic,io.github.hidroh.materialistic,1,"GreedyPrefetchingStrategyOnVisitFrequencyAndTime",45052,0,0,0,True
nappagreedy,Materialistic,io.github.hidroh.materialistic,1,"GreedyPrefetchingStrategyOnVisitFrequencyAndTime",1311927,2,1,1,True
nappagreedy,Materialistic,io.github.hidroh.materialistic,1,"GreedyPrefetchingStrategyOnVisitFrequencyAndTime",50468,0,0,0,True
nappagreedy,Materialistic,io.github.hidroh.materialistic,1,"GreedyPrefetchingStrategyOnVisitFrequencyAndTime",1386458,2,1,1,True
nappagreedy,Materialistic,io.github.hidroh.materialistic,1,"GreedyPrefetchingStrategyOnVisitFrequencyAndTime",47813,0,0,0,True
nappagreedy,Materialistic,io.github.hidroh.materialistic,1,"GreedyPrefetchingStrategyOnVisitFrequencyAndTime",2431302,2,1,1,True
nappagreedy,Materialistic,io.github.hidroh.materialistic,1,"GreedyPrefetchingStrategyOnVisitFrequencyAndTime",1875833,2,1,1,True
nappagreedy,Materialistic,io.github.hidroh.materialistic,1,"GreedyPrefetchingStrategyOnVisitFrequencyAndTime",55729,0,0,0,True
nappagreedy,Materialistic,io.github.hidroh.materialistic,1,"GreedyPrefetchingStrategyOnVisitFrequencyAndTime",55573,0,0,0,True
nappagreedy,Materialistic,io.github.hidroh.materialistic,1,"GreedyPrefetchingStrategyOnVisitFrequencyAndTime",76302,0,0,0,True
nappagreedy,Materialistic,io.github.hidroh.materialistic,1,"GreedyPrefetchingStrategyOnVisitFrequencyAndTime",48438,0,0,0,True
nappagreedy,Materialistic,io.github.hidroh.materialistic,1,"GreedyPrefetchingStrategyOnVisitFrequencyAndTime",75938,0,0,0,True
nappagreedy,Materialistic,io.github.hidroh.materialistic,1,"GreedyPrefetchingStrategyOnVisitFrequencyAndTime",105521,0,0,0,True
nappagreedy,Materialistic,io.github.hidroh.materialistic,1,"GreedyPrefetchingStrategyOnVisitFrequencyAndTime",2018802,2,1,1,True
nappagreedy,Materialistic,io.github.hidroh.materialistic,1,"GreedyPrefetchingStrategyOnVisitFrequencyAndTime",50208,0,0,0,True
nappagreedy,Materialistic,io.github.hidroh.materialistic,1,"GreedyPrefetchingStrategyOnVisitFrequencyAndTime",103698,0,0,0,True
nappagreedy,Materialistic,io.github.hidroh.materialistic,1,"GreedyPrefetchingStrategyOnVisitFrequencyAndTime",69271,0,0,0,True
nappagreedy,Materialistic,io.github.hidroh.materialistic,1,"GreedyPrefetchingStrategyOnVisitFrequencyAndTime",58854,0,0,0,True
nappagreedy,Materialistic,io.github.hidroh.materialistic,1,"GreedyPrefetchingStrategyOnVisitFrequencyAndTime",6473750,2,1,1,True
nappagreedy,Materialistic,io.github.hidroh.materialistic,1,"GreedyPrefetchingStrategyOnVisitFrequencyAndTime",137031,0,0,0,True
nappagreedy,Materialistic,io.github.hidroh.materialistic,1,"GreedyPrefetchingStrategyOnVisitFrequencyAndTime",2630781,2,1,1,True
nappagreedy,Materialistic,io.github.hidroh.materialistic,1,"GreedyPrefetchingStrategyOnVisitFrequencyAndTime",3382761,2,1,1,True
nappagreedy,Materialistic,io.github.hidroh.materialistic,1,"GreedyPrefetchingStrategyOnVisitFrequencyAndTime",58281,0,0,0,True
nappagreedy,Materialistic,io.github.hidroh.materialistic,2,"GreedyPrefetchingStrategyOnVisitFrequencyAndTime",779115,0,1,1,True
nappagreedy,Materialistic,io.github.hidroh.materialistic,2,"GreedyPrefetchingStrategyOnVisitFrequencyAndTime",4375469,2,1,1,True
nappagreedy,Materialistic,io.github.hidroh.materialistic,2,"GreedyPrefetchingStrategyOnVisitFrequencyAndTime",54375,0,0,0,True
nappagreedy,Materialistic,io.github.hidroh.materialistic,2,"GreedyPrefetchingStrategyOnVisitFrequencyAndTime",4803490,2,1,1,True
nappagreedy,Materialistic,io.github.hidroh.materialistic,2,"GreedyPrefetchingStrategyOnVisitFrequencyAndTime",58282,0,0,0,True
nappagreedy,Materialistic,io.github.hidroh.materialistic,2,"GreedyPrefetchingStrategyOnVisitFrequencyAndTime",5932396,2,1,1,True
nappagreedy,Materialistic,io.github.hidroh.materialistic,2,"GreedyPrefetchingStrategyOnVisitFrequencyAndTime",52187,0,0,0,True
nappagreedy,Materialistic,io.github.hidroh.materialistic,2,"GreedyPrefetchingStrategyOnVisitFrequencyAndTime",61458,0,0,0,True
nappagreedy,Materialistic,io.github.hidroh.materialistic,2,"GreedyPrefetchingStrategyOnVisitFrequencyAndTime",66302,0,0,0,True
nappagreedy,Materialistic,io.github.hidroh.materialistic,2,"GreedyPrefetchingStrategyOnVisitFrequencyAndTime",2637969,2,1,1,True
nappagreedy,Materialistic,io.github.hidroh.materialistic,2,"GreedyPrefetchingStrategyOnVisitFrequencyAndTime",3164843,2,1,1,True
nappagreedy,Materialistic,io.github.hidroh.materialistic,2,"GreedyPrefetchingStrategyOnVisitFrequencyAndTime",54323,0,0,0,True
nappagreedy,Materialistic,io.github.hidroh.materialistic,2,"GreedyPrefetchingStrategyOnVisitFrequencyAndTime",632240,0,3,1,True
nappagreedy,Materialistic,io.github.hidroh.materialistic,2,"GreedyPrefetchingStrategyOnVisitFrequencyAndTime",450052,0,2,1,True
nappagreedy,Materialistic,io.github.hidroh.materialistic,2,"GreedyPrefetchingStrategyOnVisitFrequencyAndTime",231615,0,1,1,True
nappagreedy,Materialistic,io.github.hidroh.materialistic,2,"GreedyPrefetchingStrategyOnVisitFrequencyAndTime",3709062,2,1,1,True
nappagreedy,Materialistic,io.github.hidroh.materialistic,2,"GreedyPrefetchingStrategyOnVisitFrequencyAndTime",47656,0,0,0,True
nappagreedy,Materialistic,io.github.hidroh.materialistic,2,"GreedyPrefetchingStrategyOnVisitFrequencyAndTime",15218750,2,1,1,True
nappagreedy,Materialistic,io.github.hidroh.materialistic,2,"GreedyPrefetchingStrategyOnVisitFrequencyAndTime",137969,0,0,0,True
nappagreedy,Materialistic,io.github.hidroh.materialistic,2,"GreedyPrefetchingStrategyOnVisitFrequencyAndTime",262813,0,1,1,True
nappagreedy,Materialistic,io.github.hidroh.materialistic,2,"GreedyPrefetchingStrategyOnVisitFrequencyAndTime",3645313,2,1,1,True
nappagreedy,Materialistic,io.github.hidroh.materialistic,2,"GreedyPrefetchingStrategyOnVisitFrequencyAndTime",118282,0,0,0,True
nappagreedy,Materialistic,io.github.hidroh.materialistic,2,"GreedyPrefetchingStrategyOnVisitFrequencyAndTime",5296927,2,1,1,True
nappagreedy,Materialistic,io.github.hidroh.materialistic,2,"GreedyPrefetchingStrategyOnVisitFrequencyAndTime",67188,0,0,0,True
nappagreedy,Materialistic,io.github.hidroh.materialistic,2,"GreedyPrefetchingStrategyOnVisitFrequencyAndTime",3421406,2,1,1,True
nappagreedy,Materialistic,io.github.hidroh.materialistic,2,"GreedyPrefetchingStrategyOnVisitFrequencyAndTime",2932917,2,1,1,True
nappagreedy,Materialistic,io.github.hidroh.materialistic,2,"GreedyPrefetchingStrategyOnVisitFrequencyAndTime",98490,0,0,0,True
nappagreedy,Materialistic,io.github.hidroh.materialistic,3,"GreedyPrefetchingStrategyOnVisitFrequencyAndTime",825833,0,1,1,True
nappagreedy,Materialistic,io.github.hidroh.materialistic,3,"GreedyPrefetchingStrategyOnVisitFrequencyAndTime",4275312,2,1,1,True
nappagreedy,Materialistic,io.github.hidroh.materialistic,3,"GreedyPrefetchingStrategyOnVisitFrequencyAndTime",59375,0,0,0,True
nappagreedy,Materialistic,io.github.hidroh.materialistic,3,"GreedyPrefetchingStrategyOnVisitFrequencyAndTime",5794167,2,1,1,True
nappagreedy,Materialistic,io.github.hidroh.materialistic,3,"GreedyPrefetchingStrategyOnVisitFrequencyAndTime",52448,0,0,0,True
nappagreedy,Materialistic,io.github.hidroh.materialistic,3,"GreedyPrefetchingStrategyOnVisitFrequencyAndTime",22486563,2,1,1,True
nappagreedy,Materialistic,io.github.hidroh.materialistic,3,"GreedyPrefetchingStrategyOnVisitFrequencyAndTime",51719,0,0,0,True
nappagreedy,Materialistic,io.github.hidroh.materialistic,3,"GreedyPrefetchingStrategyOnVisitFrequencyAndTime",68489,0,0,0,True
nappagreedy,Materialistic,io.github.hidroh.materialistic,3,"GreedyPrefetchingStrategyOnVisitFrequencyAndTime",51302,0,0,0,True
nappagreedy,Materialistic,io.github.hidroh.materialistic,3,"GreedyPrefetchingStrategyOnVisitFrequencyAndTime",2837709,2,1,1,True
nappagreedy,Materialistic,io.github.hidroh.materialistic,3,"GreedyPrefetchingStrategyOnVisitFrequencyAndTime",3467136,2,1,1,True
nappagreedy,Materialistic,io.github.hidroh.materialistic,3,"GreedyPrefetchingStrategyOnVisitFrequencyAndTime",53593,0,0,0,True
nappagreedy,Materialistic,io.github.hidroh.materialistic,3,"GreedyPrefetchingStrategyOnVisitFrequencyAndTime",626511,0,3,1,True
nappagreedy,Materialistic,io.github.hidroh.materialistic,3,"GreedyPrefetchingStrategyOnVisitFrequencyAndTime",455417,0,2,1,True
nappagreedy,Materialistic,io.github.hidroh.materialistic,3,"GreedyPrefetchingStrategyOnVisitFrequencyAndTime",281927,0,1,1,True
nappagreedy,Materialistic,io.github.hidroh.materialistic,3,"GreedyPrefetchingStrategyOnVisitFrequencyAndTime",8024479,2,1,1,True
nappagreedy,Materialistic,io.github.hidroh.materialistic,3,"GreedyPrefetchingStrategyOnVisitFrequencyAndTime",75625,0,0,0,True
nappagreedy,Materialistic,io.github.hidroh.materialistic,3,"GreedyPrefetchingStrategyOnVisitFrequencyAndTime",3680573,2,1,1,True
nappagreedy,Materialistic,io.github.hidroh.materialistic,3,"GreedyPrefetchingStrategyOnVisitFrequencyAndTime",75000,0,0,0,True
nappagreedy,Materialistic,io.github.hidroh.materialistic,3,"GreedyPrefetchingStrategyOnVisitFrequencyAndTime",343229,0,1,1,True
nappagreedy,Materialistic,io.github.hidroh.materialistic,3,"GreedyPrefetchingStrategyOnVisitFrequencyAndTime",3234792,2,1,1,True
nappagreedy,Materialistic,io.github.hidroh.materialistic,3,"GreedyPrefetchingStrategyOnVisitFrequencyAndTime",108802,0,0,0,True
nappagreedy,Materialistic,io.github.hidroh.materialistic,3,"GreedyPrefetchingStrategyOnVisitFrequencyAndTime",8700365,2,1,1,True
nappagreedy,Materialistic,io.github.hidroh.materialistic,3,"GreedyPrefetchingStrategyOnVisitFrequencyAndTime",45781,0,0,0,True
nappagreedy,Materialistic,io.github.hidroh.materialistic,3,"GreedyPrefetchingStrategyOnVisitFrequencyAndTime",3609583,2,1,1,True
nappagreedy,Materialistic,io.github.hidroh.materialistic,3,"GreedyPrefetchingStrategyOnVisitFrequencyAndTime",4023281,2,1,1,True
nappagreedy,Materialistic,io.github.hidroh.materialistic,3,"GreedyPrefetchingStrategyOnVisitFrequencyAndTime",71927,0,0,0,True
nappagreedy,RedReader,org.quantumbadger.redreader,1,"GreedyPrefetchingStrategyOnVisitFrequencyAndTime",283542,0,0,0,True
nappagreedy,RedReader,org.quantumbadger.redreader,1,"GreedyPrefetchingStrategyOnVisitFrequencyAndTime",58854,0,0,0,True
nappagreedy,RedReader,org.quantumbadger.redreader,1,"GreedyPrefetchingStrategyOnVisitFrequencyAndTime",52083,0,0,0,True
nappagreedy,RedReader,org.quantumbadger.redreader,1,"GreedyPrefetchingStrategyOnVisitFrequencyAndTime",54010,0,0,0,True
nappagreedy,RedReader,org.quantumbadger.redreader,1,"GreedyPrefetchingStrategyOnVisitFrequencyAndTime",59271,0,0,0,True
nappagreedy,RedReader,org.quantumbadger.redreader,1,"GreedyPrefetchingStrategyOnVisitFrequencyAndTime",50104,0,0,0,True
nappagreedy,RedReader,org.quantumbadger.redreader,1,"GreedyPrefetchingStrategyOnVisitFrequencyAndTime",656979,0,1,1,True
nappagreedy,RedReader,org.quantumbadger.redreader,1,"GreedyPrefetchingStrategyOnVisitFrequencyAndTime",62240,0,0,0,True
nappagreedy,RedReader,org.quantumbadger.redreader,1,"GreedyPrefetchingStrategyOnVisitFrequencyAndTime",266979,0,1,1,True
nappagreedy,RedReader,org.quantumbadger.redreader,1,"GreedyPrefetchingStrategyOnVisitFrequencyAndTime",292552,0,1,1,True
nappagreedy,RedReader,org.quantumbadger.redreader,1,"GreedyPrefetchingStrategyOnVisitFrequencyAndTime",49114,0,0,0,True
nappagreedy,RedReader,org.quantumbadger.redreader,1,"GreedyPrefetchingStrategyOnVisitFrequencyAndTime",64062,0,0,0,True
nappagreedy,RedReader,org.quantumbadger.redreader,1,"GreedyPrefetchingStrategyOnVisitFrequencyAndTime",351302,0,1,2,True
nappagreedy,RedReader,org.quantumbadger.redreader,1,"GreedyPrefetchingStrategyOnVisitFrequencyAndTime",41928,0,0,0,True
nappagreedy,RedReader,org.quantumbadger.redreader,1,"GreedyPrefetchingStrategyOnVisitFrequencyAndTime",351198,0,1,2,True
nappagreedy,RedReader,org.quantumbadger.redreader,1,"GreedyPrefetchingStrategyOnVisitFrequencyAndTime",1098855,0,1,2,True
nappagreedy,RedReader,org.quantumbadger.redreader,1,"GreedyPrefetchingStrategyOnVisitFrequencyAndTime",48542,0,0,0,True
nappagreedy,RedReader,org.quantumbadger.redreader,1,"GreedyPrefetchingStrategyOnVisitFrequencyAndTime",345938,0,1,2,True
nappagreedy,RedReader,org.quantumbadger.redreader,1,"GreedyPrefetchingStrategyOnVisitFrequencyAndTime",147448,0,0,0,True
nappagreedy,RedReader,org.quantumbadger.redreader,1,"GreedyPrefetchingStrategyOnVisitFrequencyAndTime",401771,0,1,2,True
nappagreedy,RedReader,org.quantumbadger.redreader,1,"GreedyPrefetchingStrategyOnVisitFrequencyAndTime",55782,0,0,0,True
nappagreedy,RedReader,org.quantumbadger.redreader,1,"GreedyPrefetchingStrategyOnVisitFrequencyAndTime",75468,0,0,0,True
nappagreedy,RedReader,org.quantumbadger.redreader,1,"GreedyPrefetchingStrategyOnVisitFrequencyAndTime",66302,0,0,0,True
nappagreedy,RedReader,org.quantumbadger.redreader,1,"GreedyPrefetchingStrategyOnVisitFrequencyAndTime",70677,0,0,0,True
nappagreedy,RedReader,org.quantumbadger.redreader,1,"GreedyPrefetchingStrategyOnVisitFrequencyAndTime",409115,0,1,3,True
nappagreedy,RedReader,org.quantumbadger.redreader,1,"GreedyPrefetchingStrategyOnVisitFrequencyAndTime",66927,0,0,0,True
nappagreedy,RedReader,org.quantumbadger.redreader,2,"GreedyPrefetchingStrategyOnVisitFrequencyAndTime",669375,0,1,3,True
nappagreedy,RedReader,org.quantumbadger.redreader,2,"GreedyPrefetchingStrategyOnVisitFrequencyAndTime",60313,0,0,0,True
nappagreedy,RedReader,org.quantumbadger.redreader,2,"GreedyPrefetchingStrategyOnVisitFrequencyAndTime",71614,0,0,0,True
nappagreedy,RedReader,org.quantumbadger.redreader,2,"GreedyPrefetchingStrategyOnVisitFrequencyAndTime",45052,0,0,0,True
nappagreedy,RedReader,org.quantumbadger.redreader,2,"GreedyPrefetchingStrategyOnVisitFrequencyAndTime",44792,0,0,0,True
nappagreedy,RedReader,org.quantumbadger.redreader,2,"GreedyPrefetchingStrategyOnVisitFrequencyAndTime",67344,0,0,0,True
nappagreedy,RedReader,org.quantumbadger.redreader,2,"GreedyPrefetchingStrategyOnVisitFrequencyAndTime",633802,0,1,3,True
nappagreedy,RedReader,org.quantumbadger.redreader,2,"GreedyPrefetchingStrategyOnVisitFrequencyAndTime",45208,0,0,0,True
nappagreedy,RedReader,org.quantumbadger.redreader,2,"GreedyPrefetchingStrategyOnVisitFrequencyAndTime",364584,0,1,3,True
nappagreedy,RedReader,org.quantumbadger.redreader,2,"GreedyPrefetchingStrategyOnVisitFrequencyAndTime",515105,0,1,3,True
nappagreedy,RedReader,org.quantumbadger.redreader,2,"GreedyPrefetchingStrategyOnVisitFrequencyAndTime",40625,0,0,0,True
nappagreedy,RedReader,org.quantumbadger.redreader,2,"GreedyPrefetchingStrategyOnVisitFrequencyAndTime",54948,0,0,0,True
nappagreedy,RedReader,org.quantumbadger.redreader,2,"GreedyPrefetchingStrategyOnVisitFrequencyAndTime",539531,0,1,3,True
nappagreedy,RedReader,org.quantumbadger.redreader,2,"GreedyPrefetchingStrategyOnVisitFrequencyAndTime",59636,0,0,0,True
nappagreedy,RedReader,org.quantumbadger.redreader,2,"GreedyPrefetchingStrategyOnVisitFrequencyAndTime",480990,0,1,3,True
nappagreedy,RedReader,org.quantumbadger.redreader,2,"GreedyPrefetchingStrategyOnVisitFrequencyAndTime",518959,0,1,3,True
nappagreedy,RedReader,org.quantumbadger.redreader,2,"GreedyPrefetchingStrategyOnVisitFrequencyAndTime",42552,0,0,0,True
nappagreedy,RedReader,org.quantumbadger.redreader,2,"GreedyPrefetchingStrategyOnVisitFrequencyAndTime",520938,0,1,3,True
nappagreedy,RedReader,org.quantumbadger.redreader,2,"GreedyPrefetchingStrategyOnVisitFrequencyAndTime",87240,0,0,0,True
nappagreedy,RedReader,org.quantumbadger.redreader,2,"GreedyPrefetchingStrategyOnVisitFrequencyAndTime",665729,0,1,3,True
nappagreedy,RedReader,org.quantumbadger.redreader,2,"GreedyPrefetchingStrategyOnVisitFrequencyAndTime",260833,0,1,1,True
nappagreedy,RedReader,org.quantumbadger.redreader,2,"GreedyPrefetchingStrategyOnVisitFrequencyAndTime",261979,0,1,1,True
nappagreedy,RedReader,org.quantumbadger.redreader,2,"GreedyPrefetchingStrategyOnVisitFrequencyAndTime",85521,0,0,0,True
nappagreedy,RedReader,org.quantumbadger.redreader,2,"GreedyPrefetchingStrategyOnVisitFrequencyAndTime",60521,0,0,0,True
nappagreedy,RedReader,org.quantumbadger.redreader,2,"GreedyPrefetchingStrategyOnVisitFrequencyAndTime",424844,0,1,3,True
nappagreedy,RedReader,org.quantumbadger.redreader,2,"GreedyPrefetchingStrategyOnVisitFrequencyAndTime",52396,0,0,0,True
nappagreedy,RedReader,org.quantumbadger.redreader,3,"GreedyPrefetchingStrategyOnVisitFrequencyAndTime",4115573,0,1,3,True
nappagreedy,RedReader,org.quantumbadger.redreader,3,"GreedyPrefetchingStrategyOnVisitFrequencyAndTime",90313,0,0,0,True
nappagreedy,RedReader,org.quantumbadger.redreader,3,"GreedyPrefetchingStrategyOnVisitFrequencyAndTime",55313,0,0,0,True
nappagreedy,RedReader,org.quantumbadger.redreader,3,"GreedyPrefetchingStrategyOnVisitFrequencyAndTime",40990,0,0,0,True
nappagreedy,RedReader,org.quantumbadger.redreader,3,"GreedyPrefetchingStrategyOnVisitFrequencyAndTime",53489,0,0,0,True
nappagreedy,RedReader,org.quantumbadger.redreader,3,"GreedyPrefetchingStrategyOnVisitFrequencyAndTime",56719,0,0,0,True
nappagreedy,RedReader,org.quantumbadger.redreader,3,"GreedyPrefetchingStrategyOnVisitFrequencyAndTime",405000,0,1,3,True
nappagreedy,RedReader,org.quantumbadger.redreader,3,"GreedyPrefetchingStrategyOnVisitFrequencyAndTime",52709,0,0,0,True
nappagreedy,RedReader,org.quantumbadger.redreader,3,"GreedyPrefetchingStrategyOnVisitFrequencyAndTime",1249062,0,1,3,True
nappagreedy,RedReader,org.quantumbadger.redreader,3,"GreedyPrefetchingStrategyOnVisitFrequencyAndTime",519583,0,1,3,True
nappagreedy,RedReader,org.quantumbadger.redreader,3,"GreedyPrefetchingStrategyOnVisitFrequencyAndTime",135677,0,0,0,True
nappagreedy,RedReader,org.quantumbadger.redreader,3,"GreedyPrefetchingStrategyOnVisitFrequencyAndTime",41718,0,0,0,True
nappagreedy,RedReader,org.quantumbadger.redreader,3,"GreedyPrefetchingStrategyOnVisitFrequencyAndTime",521198,0,1,3,True
nappagreedy,RedReader,org.quantumbadger.redreader,3,"GreedyPrefetchingStrategyOnVisitFrequencyAndTime",45938,0,0,0,True
nappagreedy,RedReader,org.quantumbadger.redreader,3,"GreedyPrefetchingStrategyOnVisitFrequencyAndTime",511458,0,1,3,True
nappagreedy,RedReader,org.quantumbadger.redreader,3,"GreedyPrefetchingStrategyOnVisitFrequencyAndTime",774219,0,1,3,True
nappagreedy,RedReader,org.quantumbadger.redreader,3,"GreedyPrefetchingStrategyOnVisitFrequencyAndTime",61250,0,0,0,True
nappagreedy,RedReader,org.quantumbadger.redreader,3,"GreedyPrefetchingStrategyOnVisitFrequencyAndTime",466042,0,1,3,True
nappagreedy,RedReader,org.quantumbadger.redreader,3,"GreedyPrefetchingStrategyOnVisitFrequencyAndTime",92396,0,0,0,True
nappagreedy,RedReader,org.quantumbadger.redreader,3,"GreedyPrefetchingStrategyOnVisitFrequencyAndTime",3315521,0,1,3,True
nappagreedy,RedReader,org.quantumbadger.redreader,3,"GreedyPrefetchingStrategyOnVisitFrequencyAndTime",245260,0,1,1,True
nappagreedy,RedReader,org.quantumbadger.redreader,3,"GreedyPrefetchingStrategyOnVisitFrequencyAndTime",270416,0,1,1,True
nappagreedy,RedReader,org.quantumbadger.redreader,3,"GreedyPrefetchingStrategyOnVisitFrequencyAndTime",60782,0,0,0,True
nappagreedy,RedReader,org.quantumbadger.redreader,3,"GreedyPrefetchingStrategyOnVisitFrequencyAndTime",67344,0,0,0,True
nappagreedy,RedReader,org.quantumbadger.redreader,3,"GreedyPrefetchingStrategyOnVisitFrequencyAndTime",485052,0,1,3,True
nappagreedy,RedReader,org.quantumbadger.redreader,3,"GreedyPrefetchingStrategyOnVisitFrequencyAndTime",48489,0,0,0,True
nappatfpr,UOB TimeTable,com.ak.uobtimetable,1,"TfprPrefetchingStrategy",3750,0,0,0,True
nappatfpr,UOB TimeTable,com.ak.uobtimetable,1,"TfprPrefetchingStrategy",1719,0,0,0,True
nappatfpr,UOB TimeTable,com.ak.uobtimetable,1,"TfprPrefetchingStrategy",2188,0,0,0,True
nappatfpr,UOB TimeTable,com.ak.uobtimetable,1,"TfprPrefetchingStrategy",1526354,0,1,1,True
nappatfpr,UOB TimeTable,com.ak.uobtimetable,1,"TfprPrefetchingStrategy",1101406,0,1,1,True
nappatfpr,UOB TimeTable,com.ak.uobtimetable,1,"TfprPrefetchingStrategy",744010,0,1,1,True
nappatfpr,UOB TimeTable,com.ak.uobtimetable,1,"TfprPrefetchingStrategy",2795000,0,1,1,True
nappatfpr,UOB TimeTable,com.ak.uobtimetable,1,"TfprPrefetchingStrategy",799844,0,1,1,True
nappatfpr,UOB TimeTable,com.ak.uobtimetable,2,"TfprPrefetchingStrategy",1674844,0,1,1,True
nappatfpr,UOB TimeTable,com.ak.uobtimetable,2,"TfprPrefetchingStrategy",489948,0,1,1,True
nappatfpr,UOB TimeTable,com.ak.uobtimetable,2,"TfprPrefetchingStrategy",761875,0,1,1,True
nappatfpr,UOB TimeTable,com.ak.uobtimetable,2,"TfprPrefetchingStrategy",590834,0,1,1,True
nappatfpr,UOB TimeTable,com.ak.uobtimetable,2,"TfprPrefetchingStrategy",7711718,0,1,1,True
nappatfpr,UOB TimeTable,com.ak.uobtimetable,2,"TfprPrefetchingStrategy",751198,0,1,1,True
nappatfpr,UOB TimeTable,com.ak.uobtimetable,2,"TfprPrefetchingStrategy",900625,0,1,1,True
nappatfpr,UOB TimeTable,com.ak.uobtimetable,2,"TfprPrefetchingStrategy",821875,0,1,1,True
nappatfpr,UOB TimeTable,com.ak.uobtimetable,3,"TfprPrefetchingStrategy",5029219,0,1,1,True
nappatfpr,UOB TimeTable,com.ak.uobtimetable,3,"TfprPrefetchingStrategy",687500,0,1,1,True
nappatfpr,UOB TimeTable,com.ak.uobtimetable,3,"TfprPrefetchingStrategy",917187,0,1,1,True
nappatfpr,UOB TimeTable,com.ak.uobtimetable,3,"TfprPrefetchingStrategy",644010,0,1,1,True
nappatfpr,UOB TimeTable,com.ak.uobtimetable,3,"TfprPrefetchingStrategy",1047135,0,1,1,True
nappatfpr,UOB TimeTable,com.ak.uobtimetable,3,"TfprPrefetchingStrategy",704167,0,1,1,True
nappatfpr,UOB TimeTable,com.ak.uobtimetable,3,"TfprPrefetchingStrategy",1211354,0,1,1,True
nappatfpr,UOB TimeTable,com.ak.uobtimetable,3,"TfprPrefetchingStrategy",1010885,0,1,1,True
nappatfpr,AntennaPod,de.danoeh.antennapod.debug,1,"TfprPrefetchingStrategy",781,0,0,0,True
nappatfpr,AntennaPod,de.danoeh.antennapod.debug,1,"TfprPrefetchingStrategy",2135,0,0,0,True
nappatfpr,AntennaPod,de.danoeh.antennapod.debug,1,"TfprPrefetchingStrategy",1975469,0,1,1,True
nappatfpr,AntennaPod,de.danoeh.antennapod.debug,1,"TfprPrefetchingStrategy",1979,0,0,0,True
nappatfpr,AntennaPod,de.danoeh.antennapod.debug,1,"TfprPrefetchingStrategy",1019114,0,0,2,True
nappatfpr,AntennaPod,de.danoeh.antennapod.debug,1,"TfprPrefetchingStrategy",2031,0,0,0,True
nappatfpr,AntennaPod,de.danoeh.antennapod.debug,1,"TfprPrefetchingStrategy",1278281,1,1,2,True
nappatfpr,AntennaPod,de.danoeh.antennapod.debug,1,"TfprPrefetchingStrategy",1823,0,0,0,True
nappatfpr,AntennaPod,de.danoeh.antennapod.debug,1,"TfprPrefetchingStrategy",960156,1,1,2,True
nappatfpr,AntennaPod,de.danoeh.antennapod.debug,1,"TfprPrefetchingStrategy",2292,0,0,0,True
nappatfpr,AntennaPod,de.danoeh.antennapod.debug,1,"TfprPrefetchingStrategy",1035625,1,1,2,True
nappatfpr,AntennaPod,de.danoeh.antennapod.debug,1,"TfprPrefetchingStrategy",2031,0,0,0,True
nappatfpr,AntennaPod,de.danoeh.antennapod.debug,1,"TfprPrefetchingStrategy",1551718,1,1,2,True
nappatfpr,AntennaPod,de.danoeh.antennapod.debug,1,"TfprPrefetchingStrategy",2083,0,0,0,True
nappatfpr,AntennaPod,de.danoeh.antennapod.debug,1,"TfprPrefetchingStrategy",1349219,1,1,3,True
nappatfpr,AntennaPod,de.danoeh.antennapod.debug,1,"TfprPrefetchingStrategy",1771,0,0,0,True
nappatfpr,AntennaPod,de.danoeh.antennapod.debug,1,"TfprPrefetchingStrategy",2430937,1,1,4,True
nappatfpr,AntennaPod,de.danoeh.antennapod.debug,1,"TfprPrefetchingStrategy",1563,0,0,0,True
nappatfpr,AntennaPod,de.danoeh.antennapod.debug,1,"TfprPrefetchingStrategy",1603646,1,1,4,True
nappatfpr,AntennaPod,de.danoeh.antennapod.debug,1,"TfprPrefetchingStrategy",1094,0,0,0,True
nappatfpr,AntennaPod,de.danoeh.antennapod.debug,1,"TfprPrefetchingStrategy",2065886,1,1,4,True
nappatfpr,AntennaPod,de.danoeh.antennapod.debug,1,"TfprPrefetchingStrategy",1250,0,0,0,True
nappatfpr,AntennaPod,de.danoeh.antennapod.debug,2,"TfprPrefetchingStrategy",3663749,0,1,4,True
nappatfpr,AntennaPod,de.danoeh.antennapod.debug,2,"TfprPrefetchingStrategy",1927,0,0,0,True
nappatfpr,AntennaPod,de.danoeh.antennapod.debug,2,"TfprPrefetchingStrategy",1669636,1,1,4,True
nappatfpr,AntennaPod,de.danoeh.antennapod.debug,2,"TfprPrefetchingStrategy",1615,0,0,0,True
nappatfpr,AntennaPod,de.danoeh.antennapod.debug,2,"TfprPrefetchingStrategy",1579948,1,1,4,True
nappatfpr,AntennaPod,de.danoeh.antennapod.debug,2,"TfprPrefetchingStrategy",1354,0,0,0,True
nappatfpr,AntennaPod,de.danoeh.antennapod.debug,2,"TfprPrefetchingStrategy",1744063,1,1,4,True
nappatfpr,AntennaPod,de.danoeh.antennapod.debug,2,"TfprPrefetchingStrategy",1614,0,0,0,True
nappatfpr,AntennaPod,de.danoeh.antennapod.debug,2,"TfprPrefetchingStrategy",1418020,1,1,4,True
nappatfpr,AntennaPod,de.danoeh.antennapod.debug,2,"TfprPrefetchingStrategy",2135,0,0,0,True
nappatfpr,AntennaPod,de.danoeh.antennapod.debug,2,"TfprPrefetchingStrategy",3141146,1,1,4,True
nappatfpr,AntennaPod,de.danoeh.antennapod.debug,2,"TfprPrefetchingStrategy",1146,0,0,0,True
nappatfpr,AntennaPod,de.danoeh.antennapod.debug,2,"TfprPrefetchingStrategy",1583593,1,1,4,True
nappatfpr,AntennaPod,de.danoeh.antennapod.debug,2,"TfprPrefetchingStrategy",1667,0,0,0,True
nappatfpr,AntennaPod,de.danoeh.antennapod.debug,2,"TfprPrefetchingStrategy",3372604,1,1,4,True
nappatfpr,AntennaPod,de.danoeh.antennapod.debug,2,"TfprPrefetchingStrategy",2344,0,0,0,True
nappatfpr,AntennaPod,de.danoeh.antennapod.debug,2,"TfprPrefetchingStrategy",1836511,1,1,4,True
nappatfpr,AntennaPod,de.danoeh.antennapod.debug,2,"TfprPrefetchingStrategy",990,0,0,0,True
nappatfpr,AntennaPod,de.danoeh.antennapod.debug,2,"TfprPrefetchingStrategy",6585625,1,1,4,True
nappatfpr,AntennaPod,de.danoeh.antennapod.debug,2,"TfprPrefetchingStrategy",1042,0,0,0,True
nappatfpr,AntennaPod,de.danoeh.antennapod.debug,2,"TfprPrefetchingStrategy",2367969,1,1,4,True
nappatfpr,AntennaPod,de.danoeh.antennapod.debug,2,"TfprPrefetchingStrategy",1407,0,0,0,True
nappatfpr,AntennaPod,de.danoeh.antennapod.debug,3,"TfprPrefetchingStrategy",3134739,0,1,4,True
nappatfpr,AntennaPod,de.danoeh.antennapod.debug,3,"TfprPrefetchingStrategy",885,0,0,0,True
nappatfpr,AntennaPod,de.danoeh.antennapod.debug,3,"TfprPrefetchingStrategy",1744323,1,1,4,True
nappatfpr,AntennaPod,de.danoeh.antennapod.debug,3,"TfprPrefetchingStrategy",885,0,0,0,True
nappatfpr,AntennaPod,de.danoeh.antennapod.debug,3,"TfprPrefetchingStrategy",2565573,1,1,4,True
nappatfpr,AntennaPod,de.danoeh.antennapod.debug,3,"TfprPrefetchingStrategy",1927,0,0,0,True
nappatfpr,AntennaPod,de.danoeh.antennapod.debug,3,"TfprPrefetchingStrategy",1375834,1,1,4,True
nappatfpr,AntennaPod,de.danoeh.antennapod.debug,3,"TfprPrefetchingStrategy",1510,0,0,0,True
nappatfpr,AntennaPod,de.danoeh.antennapod.debug,3,"TfprPrefetchingStrategy",1327813,1,1,4,True
nappatfpr,AntennaPod,de.danoeh.antennapod.debug,3,"TfprPrefetchingStrategy",2188,0,0,0,True
nappatfpr,AntennaPod,de.danoeh.antennapod.debug,3,"TfprPrefetchingStrategy",1449010,1,1,4,True
nappatfpr,AntennaPod,de.danoeh.antennapod.debug,3,"TfprPrefetchingStrategy",1406,0,0,0,True
nappatfpr,AntennaPod,de.danoeh.antennapod.debug,3,"TfprPrefetchingStrategy",4735104,1,1,4,True
nappatfpr,AntennaPod,de.danoeh.antennapod.debug,3,"TfprPrefetchingStrategy",1667,0,0,0,True
nappatfpr,AntennaPod,de.danoeh.antennapod.debug,3,"TfprPrefetchingStrategy",2916823,1,1,4,True
nappatfpr,AntennaPod,de.danoeh.antennapod.debug,3,"TfprPrefetchingStrategy",1563,0,0,0,True
nappatfpr,AntennaPod,de.danoeh.antennapod.debug,3,"TfprPrefetchingStrategy",3938854,1,1,4,True
nappatfpr,AntennaPod,de.danoeh.antennapod.debug,3,"TfprPrefetchingStrategy",5469,0,0,0,True
nappatfpr,AntennaPod,de.danoeh.antennapod.debug,3,"TfprPrefetchingStrategy",1817187,1,1,4,True
nappatfpr,AntennaPod,de.danoeh.antennapod.debug,3,"TfprPrefetchingStrategy",1250,0,0,0,True
nappatfpr,AntennaPod,de.danoeh.antennapod.debug,3,"TfprPrefetchingStrategy",1667188,1,1,4,True
nappatfpr,AntennaPod,de.danoeh.antennapod.debug,3,"TfprPrefetchingStrategy",2240,0,0,0,True
nappatfpr,Materialistic,io.github.hidroh.materialistic,1,"TfprPrefetchingStrategy",1406,0,0,0,True
nappatfpr,Materialistic,io.github.hidroh.materialistic,1,"TfprPrefetchingStrategy",1927,0,0,0,True
nappatfpr,Materialistic,io.github.hidroh.materialistic,1,"TfprPrefetchingStrategy",1459,0,0,0,True
nappatfpr,Materialistic,io.github.hidroh.materialistic,1,"TfprPrefetchingStrategy",2178750,2,1,1,True
nappatfpr,Materialistic,io.github.hidroh.materialistic,1,"TfprPrefetchingStrategy",1562,0,0,0,True
nappatfpr,Materialistic,io.github.hidroh.materialistic,1,"TfprPrefetchingStrategy",1958802,2,1,1,True
nappatfpr,Materialistic,io.github.hidroh.materialistic,1,"TfprPrefetchingStrategy",1666,0,0,0,True
nappatfpr,Materialistic,io.github.hidroh.materialistic,1,"TfprPrefetchingStrategy",1615,0,0,0,True
nappatfpr,Materialistic,io.github.hidroh.materialistic,1,"TfprPrefetchingStrategy",1510,0,0,0,True
nappatfpr,Materialistic,io.github.hidroh.materialistic,1,"TfprPrefetchingStrategy",15487709,2,1,1,True
nappatfpr,Materialistic,io.github.hidroh.materialistic,1,"TfprPrefetchingStrategy",2615885,2,1,1,True
nappatfpr,Materialistic,io.github.hidroh.materialistic,1,"TfprPrefetchingStrategy",3437,0,0,0,True
nappatfpr,Materialistic,io.github.hidroh.materialistic,1,"TfprPrefetchingStrategy",1563,0,0,0,True
nappatfpr,Materialistic,io.github.hidroh.materialistic,1,"TfprPrefetchingStrategy",1458,0,0,0,True
nappatfpr,Materialistic,io.github.hidroh.materialistic,1,"TfprPrefetchingStrategy",1666,0,0,0,True
nappatfpr,Materialistic,io.github.hidroh.materialistic,1,"TfprPrefetchingStrategy",1511,0,0,0,True
nappatfpr,Materialistic,io.github.hidroh.materialistic,1,"TfprPrefetchingStrategy",1614,0,0,0,True
nappatfpr,Materialistic,io.github.hidroh.materialistic,1,"TfprPrefetchingStrategy",4214739,2,1,1,True
nappatfpr,Materialistic,io.github.hidroh.materialistic,1,"TfprPrefetchingStrategy",1718,0,0,0,True
nappatfpr,Materialistic,io.github.hidroh.materialistic,1,"TfprPrefetchingStrategy",1667,0,0,0,True
nappatfpr,Materialistic,io.github.hidroh.materialistic,1,"TfprPrefetchingStrategy",1979,0,0,0,True
nappatfpr,Materialistic,io.github.hidroh.materialistic,1,"TfprPrefetchingStrategy",3073,0,0,0,True
nappatfpr,Materialistic,io.github.hidroh.materialistic,1,"TfprPrefetchingStrategy",7287083,2,1,1,True
nappatfpr,Materialistic,io.github.hidroh.materialistic,1,"TfprPrefetchingStrategy",2136,0,0,0,True
nappatfpr,Materialistic,io.github.hidroh.materialistic,1,"TfprPrefetchingStrategy",4878437,2,1,1,True
nappatfpr,Materialistic,io.github.hidroh.materialistic,1,"TfprPrefetchingStrategy",13576042,2,1,1,True
nappatfpr,Materialistic,io.github.hidroh.materialistic,1,"TfprPrefetchingStrategy",1510,0,0,0,True
nappatfpr,Materialistic,io.github.hidroh.materialistic,2,"TfprPrefetchingStrategy",1922708,0,1,1,True
nappatfpr,Materialistic,io.github.hidroh.materialistic,2,"TfprPrefetchingStrategy",7578073,2,1,1,True
nappatfpr,Materialistic,io.github.hidroh.materialistic,2,"TfprPrefetchingStrategy",4375,0,0,0,True
nappatfpr,Materialistic,io.github.hidroh.materialistic,2,"TfprPrefetchingStrategy",7331250,2,1,1,True
nappatfpr,Materialistic,io.github.hidroh.materialistic,2,"TfprPrefetchingStrategy",937,0,0,0,True
nappatfpr,Materialistic,io.github.hidroh.materialistic,2,"TfprPrefetchingStrategy",10046302,2,1,1,True
nappatfpr,Materialistic,io.github.hidroh.materialistic,2,"TfprPrefetchingStrategy",1667,0,0,0,True
nappatfpr,Materialistic,io.github.hidroh.materialistic,2,"TfprPrefetchingStrategy",2083,0,0,0,True
nappatfpr,Materialistic,io.github.hidroh.materialistic,2,"TfprPrefetchingStrategy",1615,0,0,0,True
nappatfpr,Materialistic,io.github.hidroh.materialistic,2,"TfprPrefetchingStrategy",6133594,2,1,1,True
nappatfpr,Materialistic,io.github.hidroh.materialistic,2,"TfprPrefetchingStrategy",6056458,2,1,1,True
nappatfpr,Materialistic,io.github.hidroh.materialistic,2,"TfprPrefetchingStrategy",1614,0,0,0,True
nappatfpr,Materialistic,io.github.hidroh.materialistic,2,"TfprPrefetchingStrategy",877760,0,1,1,True
nappatfpr,Materialistic,io.github.hidroh.materialistic,2,"TfprPrefetchingStrategy",763437,0,1,1,True
nappatfpr,Materialistic,io.github.hidroh.materialistic,2,"TfprPrefetchingStrategy",1320417,0,1,1,True
nappatfpr,Materialistic,io.github.hidroh.materialistic,2,"TfprPrefetchingStrategy",10395208,2,1,1,True
nappatfpr,Materialistic,io.github.hidroh.materialistic,2,"TfprPrefetchingStrategy",1406,0,0,0,True
nappatfpr,Materialistic,io.github.hidroh.materialistic,2,"TfprPrefetchingStrategy",4797709,2,1,1,True
nappatfpr,Materialistic,io.github.hidroh.materialistic,2,"TfprPrefetchingStrategy",1666,0,0,0,True
nappatfpr,Materialistic,io.github.hidroh.materialistic,2,"TfprPrefetchingStrategy",2141979,0,1,1,True
nappatfpr,Materialistic,io.github.hidroh.materialistic,2,"TfprPrefetchingStrategy",4284323,2,1,1,True
nappatfpr,Materialistic,io.github.hidroh.materialistic,2,"TfprPrefetchingStrategy",2396,0,0,0,True
nappatfpr,Materialistic,io.github.hidroh.materialistic,2,"TfprPrefetchingStrategy",5731979,2,1,1,True
nappatfpr,Materialistic,io.github.hidroh.materialistic,2,"TfprPrefetchingStrategy",1718,0,0,0,True
nappatfpr,Materialistic,io.github.hidroh.materialistic,2,"TfprPrefetchingStrategy",4947187,2,1,1,True
nappatfpr,Materialistic,io.github.hidroh.materialistic,2,"TfprPrefetchingStrategy",8558333,2,1,1,True
nappatfpr,Materialistic,io.github.hidroh.materialistic,2,"TfprPrefetchingStrategy",1459,0,0,0,True
nappatfpr,Materialistic,io.github.hidroh.materialistic,3,"TfprPrefetchingStrategy",1995104,0,1,1,True
nappatfpr,Materialistic,io.github.hidroh.materialistic,3,"TfprPrefetchingStrategy",6547344,2,1,1,True
nappatfpr,Materialistic,io.github.hidroh.materialistic,3,"TfprPrefetchingStrategy",1771,0,0,0,True
nappatfpr,Materialistic,io.github.hidroh.materialistic,3,"TfprPrefetchingStrategy",5963333,2,1,1,True
nappatfpr,Materialistic,io.github.hidroh.materialistic,3,"TfprPrefetchingStrategy",1562,0,0,0,True
nappatfpr,Materialistic,io.github.hidroh.materialistic,3,"TfprPrefetchingStrategy",10987395,2,1,1,True
nappatfpr,Materialistic,io.github.hidroh.materialistic,3,"TfprPrefetchingStrategy",3021,0,0,0,True
nappatfpr,Materialistic,io.github.hidroh.materialistic,3,"TfprPrefetchingStrategy",1615,0,0,0,True
nappatfpr,Materialistic,io.github.hidroh.materialistic,3,"TfprPrefetchingStrategy",1875,0,0,0,True
nappatfpr,Materialistic,io.github.hidroh.materialistic,3,"TfprPrefetchingStrategy",4274479,2,1,1,True
nappatfpr,Materialistic,io.github.hidroh.materialistic,3,"TfprPrefetchingStrategy",7563073,2,1,1,True
nappatfpr,Materialistic,io.github.hidroh.materialistic,3,"TfprPrefetchingStrategy",1563,0,0,0,True
nappatfpr,Materialistic,io.github.hidroh.materialistic,3,"TfprPrefetchingStrategy",872656,0,1,1,True
nappatfpr,Materialistic,io.github.hidroh.materialistic,3,"TfprPrefetchingStrategy",936875,0,1,1,True
nappatfpr,Materialistic,io.github.hidroh.materialistic,3,"TfprPrefetchingStrategy",1323333,0,1,1,True
nappatfpr,Materialistic,io.github.hidroh.materialistic,3,"TfprPrefetchingStrategy",4155885,2,1,1,True
nappatfpr,Materialistic,io.github.hidroh.materialistic,3,"TfprPrefetchingStrategy",1563,0,0,0,True
nappatfpr,Materialistic,io.github.hidroh.materialistic,3,"TfprPrefetchingStrategy",8387864,2,1,1,True
nappatfpr,Materialistic,io.github.hidroh.materialistic,3,"TfprPrefetchingStrategy",1667,0,0,0,True
nappatfpr,Materialistic,io.github.hidroh.materialistic,3,"TfprPrefetchingStrategy",1863802,0,1,1,True
nappatfpr,Materialistic,io.github.hidroh.materialistic,3,"TfprPrefetchingStrategy",9927396,2,1,1,True
nappatfpr,Materialistic,io.github.hidroh.materialistic,3,"TfprPrefetchingStrategy",1510,0,0,0,True
nappatfpr,Materialistic,io.github.hidroh.materialistic,3,"TfprPrefetchingStrategy",11813542,2,1,1,True
nappatfpr,Materialistic,io.github.hidroh.materialistic,3,"TfprPrefetchingStrategy",1771,0,0,0,True
nappatfpr,Materialistic,io.github.hidroh.materialistic,3,"TfprPrefetchingStrategy",5047240,2,1,1,True
nappatfpr,Materialistic,io.github.hidroh.materialistic,3,"TfprPrefetchingStrategy",4798334,2,1,1,True
nappatfpr,Materialistic,io.github.hidroh.materialistic,3,"TfprPrefetchingStrategy",1823,0,0,0,True
nappatfpr,RedReader,org.quantumbadger.redreader,1,"TfprPrefetchingStrategy",1927,0,0,0,True
nappatfpr,RedReader,org.quantumbadger.redreader,1,"TfprPrefetchingStrategy",1875,0,0,0,True
nappatfpr,RedReader,org.quantumbadger.redreader,1,"TfprPrefetchingStrategy",1980,0,0,0,True
nappatfpr,RedReader,org.quantumbadger.redreader,1,"TfprPrefetchingStrategy",1719,0,0,0,True
nappatfpr,RedReader,org.quantumbadger.redreader,1,"TfprPrefetchingStrategy",2083,0,0,0,True
nappatfpr,RedReader,org.quantumbadger.redreader,1,"TfprPrefetchingStrategy",1718,0,0,0,True
nappatfpr,RedReader,org.quantumbadger.redreader,1,"TfprPrefetchingStrategy",1655000,0,1,1,True
nappatfpr,RedReader,org.quantumbadger.redreader,1,"TfprPrefetchingStrategy",2448,0,0,0,True
nappatfpr,RedReader,org.quantumbadger.redreader,1,"TfprPrefetchingStrategy",1099010,0,1,1,True
nappatfpr,RedReader,org.quantumbadger.redreader,1,"TfprPrefetchingStrategy",862552,0,1,1,True
nappatfpr,RedReader,org.quantumbadger.redreader,1,"TfprPrefetchingStrategy",1563,0,0,0,True
nappatfpr,RedReader,org.quantumbadger.redreader,1,"TfprPrefetchingStrategy",1719,0,0,0,True
nappatfpr,RedReader,org.quantumbadger.redreader,1,"TfprPrefetchingStrategy",1550573,0,1,2,True
nappatfpr,RedReader,org.quantumbadger.redreader,1,"TfprPrefetchingStrategy",1459,0,0,0,True
nappatfpr,RedReader,org.quantumbadger.redreader,1,"TfprPrefetchingStrategy",1228177,0,1,2,True
nappatfpr,RedReader,org.quantumbadger.redreader,1,"TfprPrefetchingStrategy",1201303,0,1,2,True
nappatfpr,RedReader,org.quantumbadger.redreader,1,"TfprPrefetchingStrategy",1459,0,0,0,True
nappatfpr,RedReader,org.quantumbadger.redreader,1,"TfprPrefetchingStrategy",1095729,0,1,2,True
nappatfpr,RedReader,org.quantumbadger.redreader,1,"TfprPrefetchingStrategy",3803,0,0,0,True
nappatfpr,RedReader,org.quantumbadger.redreader,1,"TfprPrefetchingStrategy",1681354,0,1,2,True
nappatfpr,RedReader,org.quantumbadger.redreader,1,"TfprPrefetchingStrategy",1198,0,0,0,True
nappatfpr,RedReader,org.quantumbadger.redreader,1,"TfprPrefetchingStrategy",1771,0,0,0,True
nappatfpr,RedReader,org.quantumbadger.redreader,1,"TfprPrefetchingStrategy",1875,0,0,0,True
nappatfpr,RedReader,org.quantumbadger.redreader,1,"TfprPrefetchingStrategy",1875,0,0,0,True
nappatfpr,RedReader,org.quantumbadger.redreader,1,"TfprPrefetchingStrategy",6306510,0,1,3,True
nappatfpr,RedReader,org.quantumbadger.redreader,1,"TfprPrefetchingStrategy",1979,0,0,0,True
nappatfpr,RedReader,org.quantumbadger.redreader,2,"TfprPrefetchingStrategy",2613073,0,1,3,True
nappatfpr,RedReader,org.quantumbadger.redreader,2,"TfprPrefetchingStrategy",1927,0,0,0,True
nappatfpr,RedReader,org.quantumbadger.redreader,2,"TfprPrefetchingStrategy",1354,0,0,0,True
nappatfpr,RedReader,org.quantumbadger.redreader,2,"TfprPrefetchingStrategy",1927,0,0,0,True
nappatfpr,RedReader,org.quantumbadger.redreader,2,"TfprPrefetchingStrategy",2135,0,0,0,True
nappatfpr,RedReader,org.quantumbadger.redreader,2,"TfprPrefetchingStrategy",1511,0,0,0,True
nappatfpr,RedReader,org.quantumbadger.redreader,2,"TfprPrefetchingStrategy",2325052,0,1,3,True
nappatfpr,RedReader,org.quantumbadger.redreader,2,"TfprPrefetchingStrategy",1719,0,0,0,True
nappatfpr,RedReader,org.quantumbadger.redreader,2,"TfprPrefetchingStrategy",1425938,0,1,3,True
nappatfpr,RedReader,org.quantumbadger.redreader,2,"TfprPrefetchingStrategy",1223593,0,1,3,True
nappatfpr,RedReader,org.quantumbadger.redreader,2,"TfprPrefetchingStrategy",1198,0,0,0,True
nappatfpr,RedReader,org.quantumbadger.redreader,2,"TfprPrefetchingStrategy",1718,0,0,0,True
nappatfpr,RedReader,org.quantumbadger.redreader,2,"TfprPrefetchingStrategy",3331354,0,1,3,True
nappatfpr,RedReader,org.quantumbadger.redreader,2,"TfprPrefetchingStrategy",1875,0,0,0,True
nappatfpr,RedReader,org.quantumbadger.redreader,2,"TfprPrefetchingStrategy",1591355,0,1,3,True
nappatfpr,RedReader,org.quantumbadger.redreader,2,"TfprPrefetchingStrategy",1459948,0,1,3,True
nappatfpr,RedReader,org.quantumbadger.redreader,2,"TfprPrefetchingStrategy",1510,0,0,0,True
nappatfpr,RedReader,org.quantumbadger.redreader,2,"TfprPrefetchingStrategy",1516979,0,1,3,True
nappatfpr,RedReader,org.quantumbadger.redreader,2,"TfprPrefetchingStrategy",2448,0,0,0,True
nappatfpr,RedReader,org.quantumbadger.redreader,2,"TfprPrefetchingStrategy",4990938,0,1,3,True
nappatfpr,RedReader,org.quantumbadger.redreader,2,"TfprPrefetchingStrategy",969010,0,0,1,True
nappatfpr,RedReader,org.quantumbadger.redreader,2,"TfprPrefetchingStrategy",939375,0,0,1,True
nappatfpr,RedReader,org.quantumbadger.redreader,2,"TfprPrefetchingStrategy",2083,0,0,0,True
nappatfpr,RedReader,org.quantumbadger.redreader,2,"TfprPrefetchingStrategy",2083,0,0,0,True
nappatfpr,RedReader,org.quantumbadger.redreader,2,"TfprPrefetchingStrategy",1477239,0,1,3,True
nappatfpr,RedReader,org.quantumbadger.redreader,2,"TfprPrefetchingStrategy",1562,0,0,0,True
nappatfpr,RedReader,org.quantumbadger.redreader,3,"TfprPrefetchingStrategy",2608750,0,1,3,True
nappatfpr,RedReader,org.quantumbadger.redreader,3,"TfprPrefetchingStrategy",1511,0,0,0,True
nappatfpr,RedReader,org.quantumbadger.redreader,3,"TfprPrefetchingStrategy",2031,0,0,0,True
nappatfpr,RedReader,org.quantumbadger.redreader,3,"TfprPrefetchingStrategy",2032,0,0,0,True
nappatfpr,RedReader,org.quantumbadger.redreader,3,"TfprPrefetchingStrategy",1823,0,0,0,True
nappatfpr,RedReader,org.quantumbadger.redreader,3,"TfprPrefetchingStrategy",2239,0,0,0,True
nappatfpr,RedReader,org.quantumbadger.redreader,3,"TfprPrefetchingStrategy",3064792,0,1,3,True
nappatfpr,RedReader,org.quantumbadger.redreader,3,"TfprPrefetchingStrategy",1562,0,0,0,True
nappatfpr,RedReader,org.quantumbadger.redreader,3,"TfprPrefetchingStrategy",1402969,0,1,3,True
nappatfpr,RedReader,org.quantumbadger.redreader,3,"TfprPrefetchingStrategy",1623907,0,1,3,True
nappatfpr,RedReader,org.quantumbadger.redreader,3,"TfprPrefetchingStrategy",1823,0,0,0,True
nappatfpr,RedReader,org.quantumbadger.redreader,3,"TfprPrefetchingStrategy",1927,0,0,0,True
nappatfpr,RedReader,org.quantumbadger.redreader,3,"TfprPrefetchingStrategy",5045938,0,1,3,True
nappatfpr,RedReader,org.quantumbadger.redreader,3,"TfprPrefetchingStrategy",1562,0,0,0,True
nappatfpr,RedReader,org.quantumbadger.redreader,3,"TfprPrefetchingStrategy",1658959,0,1,3,True
nappatfpr,RedReader,org.quantumbadger.redreader,3,"TfprPrefetchingStrategy",3626875,0,1,3,True
nappatfpr,RedReader,org.quantumbadger.redreader,3,"TfprPrefetchingStrategy",1823,0,0,0,True
nappatfpr,RedReader,org.quantumbadger.redreader,3,"TfprPrefetchingStrategy",2137656,0,1,3,True
nappatfpr,RedReader,org.quantumbadger.redreader,3,"TfprPrefetchingStrategy",2240,0,0,0,True
nappatfpr,RedReader,org.quantumbadger.redreader,3,"TfprPrefetchingStrategy",1725572,0,1,3,True
nappatfpr,RedReader,org.quantumbadger.redreader,3,"TfprPrefetchingStrategy",995572,0,0,1,True
nappatfpr,RedReader,org.quantumbadger.redreader,3,"TfprPrefetchingStrategy",1269219,0,0,1,True
nappatfpr,RedReader,org.quantumbadger.redreader,3,"TfprPrefetchingStrategy",1563,0,0,0,True
nappatfpr,RedReader,org.quantumbadger.redreader,3,"TfprPrefetchingStrategy",1875,0,0,0,True
nappatfpr,RedReader,org.quantumbadger.redreader,3,"TfprPrefetchingStrategy",1419375,0,1,3,True
nappatfpr,RedReader,org.quantumbadger.redreader,3,"TfprPrefetchingStrategy",1719,0,0,0,True
nappagreedy,Hillffair,appteam.nith.hillffair,1,"GreedyPrefetchingStrategyOnVisitFrequencyAndTime",238594,0,0,0,True
nappagreedy,Hillffair,appteam.nith.hillffair,1,"GreedyPrefetchingStrategyOnVisitFrequencyAndTime",48282,0,0,0,True
nappagreedy,Hillffair,appteam.nith.hillffair,1,"GreedyPrefetchingStrategyOnVisitFrequencyAndTime",55313,0,0,0,True
nappagreedy,Hillffair,appteam.nith.hillffair,1,"GreedyPrefetchingStrategyOnVisitFrequencyAndTime",47500,0,0,0,True
nappagreedy,Hillffair,appteam.nith.hillffair,1,"GreedyPrefetchingStrategyOnVisitFrequencyAndTime",1416979,0,1,1,True
nappagreedy,Hillffair,appteam.nith.hillffair,1,"GreedyPrefetchingStrategyOnVisitFrequencyAndTime",38698,0,0,0,True
nappagreedy,Hillffair,appteam.nith.hillffair,1,"GreedyPrefetchingStrategyOnVisitFrequencyAndTime",189948,1,1,1,True
nappagreedy,Hillffair,appteam.nith.hillffair,1,"GreedyPrefetchingStrategyOnVisitFrequencyAndTime",44167,0,0,0,True
nappagreedy,Hillffair,appteam.nith.hillffair,1,"GreedyPrefetchingStrategyOnVisitFrequencyAndTime",273125,1,1,1,True
nappagreedy,Hillffair,appteam.nith.hillffair,1,"GreedyPrefetchingStrategyOnVisitFrequencyAndTime",70521,0,0,0,True
nappagreedy,Hillffair,appteam.nith.hillffair,1,"GreedyPrefetchingStrategyOnVisitFrequencyAndTime",331927,1,1,1,True
nappagreedy,Hillffair,appteam.nith.hillffair,1,"GreedyPrefetchingStrategyOnVisitFrequencyAndTime",64427,0,0,0,True
nappagreedy,Hillffair,appteam.nith.hillffair,1,"GreedyPrefetchingStrategyOnVisitFrequencyAndTime",357344,1,1,1,True
nappagreedy,Hillffair,appteam.nith.hillffair,1,"GreedyPrefetchingStrategyOnVisitFrequencyAndTime",321250,1,1,1,True
nappagreedy,Hillffair,appteam.nith.hillffair,1,"GreedyPrefetchingStrategyOnVisitFrequencyAndTime",62083,0,0,0,True
nappagreedy,Hillffair,appteam.nith.hillffair,1,"GreedyPrefetchingStrategyOnVisitFrequencyAndTime",56406,0,0,0,True
nappagreedy,Hillffair,appteam.nith.hillffair,1,"GreedyPrefetchingStrategyOnVisitFrequencyAndTime",49948,0,0,0,True
nappagreedy,Hillffair,appteam.nith.hillffair,1,"GreedyPrefetchingStrategyOnVisitFrequencyAndTime",58125,0,0,0,True
nappagreedy,Hillffair,appteam.nith.hillffair,1,"GreedyPrefetchingStrategyOnVisitFrequencyAndTime",54740,0,0,0,True
nappagreedy,Hillffair,appteam.nith.hillffair,1,"GreedyPrefetchingStrategyOnVisitFrequencyAndTime",319948,0,1,2,True
nappagreedy,Hillffair,appteam.nith.hillffair,1,"GreedyPrefetchingStrategyOnVisitFrequencyAndTime",104427,0,0,0,True
nappagreedy,Hillffair,appteam.nith.hillffair,1,"GreedyPrefetchingStrategyOnVisitFrequencyAndTime",44219,0,0,0,True
nappagreedy,Hillffair,appteam.nith.hillffair,1,"GreedyPrefetchingStrategyOnVisitFrequencyAndTime",55000,0,0,0,True
nappagreedy,Hillffair,appteam.nith.hillffair,1,"GreedyPrefetchingStrategyOnVisitFrequencyAndTime",48697,0,0,0,True
nappagreedy,Hillffair,appteam.nith.hillffair,1,"GreedyPrefetchingStrategyOnVisitFrequencyAndTime",277031,0,1,1,True
nappagreedy,Hillffair,appteam.nith.hillffair,1,"GreedyPrefetchingStrategyOnVisitFrequencyAndTime",65885,0,0,0,True
nappagreedy,Hillffair,appteam.nith.hillffair,1,"GreedyPrefetchingStrategyOnVisitFrequencyAndTime",288438,0,1,1,True
nappagreedy,Hillffair,appteam.nith.hillffair,1,"GreedyPrefetchingStrategyOnVisitFrequencyAndTime",44479,0,0,0,True
nappagreedy,Hillffair,appteam.nith.hillffair,1,"GreedyPrefetchingStrategyOnVisitFrequencyAndTime",263594,0,1,1,True
nappagreedy,Hillffair,appteam.nith.hillffair,1,"GreedyPrefetchingStrategyOnVisitFrequencyAndTime",76354,0,0,0,True
nappagreedy,Hillffair,appteam.nith.hillffair,1,"GreedyPrefetchingStrategyOnVisitFrequencyAndTime",414531,0,1,1,True
nappagreedy,Hillffair,appteam.nith.hillffair,1,"GreedyPrefetchingStrategyOnVisitFrequencyAndTime",45365,0,0,0,True
nappagreedy,Hillffair,appteam.nith.hillffair,1,"GreedyPrefetchingStrategyOnVisitFrequencyAndTime",319062,0,1,1,True
nappagreedy,Hillffair,appteam.nith.hillffair,1,"GreedyPrefetchingStrategyOnVisitFrequencyAndTime",274166,0,1,1,True
nappagreedy,Hillffair,appteam.nith.hillffair,1,"GreedyPrefetchingStrategyOnVisitFrequencyAndTime",65104,0,0,0,True
nappagreedy,Hillffair,appteam.nith.hillffair,2,"GreedyPrefetchingStrategyOnVisitFrequencyAndTime",1844583,0,1,3,True
nappagreedy,Hillffair,appteam.nith.hillffair,2,"GreedyPrefetchingStrategyOnVisitFrequencyAndTime",245469,0,1,1,True
nappagreedy,Hillffair,appteam.nith.hillffair,2,"GreedyPrefetchingStrategyOnVisitFrequencyAndTime",265781,1,1,1,True
nappagreedy,Hillffair,appteam.nith.hillffair,2,"GreedyPrefetchingStrategyOnVisitFrequencyAndTime",58073,0,0,0,True
nappagreedy,Hillffair,appteam.nith.hillffair,2,"GreedyPrefetchingStrategyOnVisitFrequencyAndTime",359636,1,1,1,True
nappagreedy,Hillffair,appteam.nith.hillffair,2,"GreedyPrefetchingStrategyOnVisitFrequencyAndTime",43177,0,0,0,True
nappagreedy,Hillffair,appteam.nith.hillffair,2,"GreedyPrefetchingStrategyOnVisitFrequencyAndTime",218802,1,1,1,True
nappagreedy,Hillffair,appteam.nith.hillffair,2,"GreedyPrefetchingStrategyOnVisitFrequencyAndTime",78281,0,0,0,True
nappagreedy,Hillffair,appteam.nith.hillffair,2,"GreedyPrefetchingStrategyOnVisitFrequencyAndTime",293907,1,1,1,True
nappagreedy,Hillffair,appteam.nith.hillffair,2,"GreedyPrefetchingStrategyOnVisitFrequencyAndTime",47083,0,0,0,True
nappagreedy,Hillffair,appteam.nith.hillffair,2,"GreedyPrefetchingStrategyOnVisitFrequencyAndTime",283906,1,1,1,True
nappagreedy,Hillffair,appteam.nith.hillffair,2,"GreedyPrefetchingStrategyOnVisitFrequencyAndTime",94062,0,0,0,True
nappagreedy,Hillffair,appteam.nith.hillffair,2,"GreedyPrefetchingStrategyOnVisitFrequencyAndTime",353750,1,1,1,True
nappagreedy,Hillffair,appteam.nith.hillffair,2,"GreedyPrefetchingStrategyOnVisitFrequencyAndTime",329896,1,1,1,True
nappagreedy,Hillffair,appteam.nith.hillffair,2,"GreedyPrefetchingStrategyOnVisitFrequencyAndTime",38229,0,0,0,True
nappagreedy,Hillffair,appteam.nith.hillffair,2,"GreedyPrefetchingStrategyOnVisitFrequencyAndTime",324323,0,1,2,True
nappagreedy,Hillffair,appteam.nith.hillffair,2,"GreedyPrefetchingStrategyOnVisitFrequencyAndTime",61094,0,0,0,True
nappagreedy,Hillffair,appteam.nith.hillffair,2,"GreedyPrefetchingStrategyOnVisitFrequencyAndTime",73073,0,0,0,True
nappagreedy,Hillffair,appteam.nith.hillffair,2,"GreedyPrefetchingStrategyOnVisitFrequencyAndTime",60208,0,0,0,True
nappagreedy,Hillffair,appteam.nith.hillffair,2,"GreedyPrefetchingStrategyOnVisitFrequencyAndTime",308437,0,1,2,True
nappagreedy,Hillffair,appteam.nith.hillffair,2,"GreedyPrefetchingStrategyOnVisitFrequencyAndTime",59115,0,0,0,True
nappagreedy,Hillffair,appteam.nith.hillffair,2,"GreedyPrefetchingStrategyOnVisitFrequencyAndTime",203177,0,1,1,True
nappagreedy,Hillffair,appteam.nith.hillffair,2,"GreedyPrefetchingStrategyOnVisitFrequencyAndTime",269115,0,1,1,True
nappagreedy,Hillffair,appteam.nith.hillffair,2,"GreedyPrefetchingStrategyOnVisitFrequencyAndTime",46197,0,0,0,True
nappagreedy,Hillffair,appteam.nith.hillffair,2,"GreedyPrefetchingStrategyOnVisitFrequencyAndTime",421979,0,1,1,True
nappagreedy,Hillffair,appteam.nith.hillffair,2,"GreedyPrefetchingStrategyOnVisitFrequencyAndTime",50157,0,0,0,True
nappagreedy,Hillffair,appteam.nith.hillffair,2,"GreedyPrefetchingStrategyOnVisitFrequencyAndTime",250521,0,1,1,True
nappagreedy,Hillffair,appteam.nith.hillffair,2,"GreedyPrefetchingStrategyOnVisitFrequencyAndTime",79323,0,0,0,True
nappagreedy,Hillffair,appteam.nith.hillffair,2,"GreedyPrefetchingStrategyOnVisitFrequencyAndTime",297188,0,1,1,True
nappagreedy,Hillffair,appteam.nith.hillffair,2,"GreedyPrefetchingStrategyOnVisitFrequencyAndTime",48438,0,0,0,True
nappagreedy,Hillffair,appteam.nith.hillffair,2,"GreedyPrefetchingStrategyOnVisitFrequencyAndTime",282916,0,1,1,True
nappagreedy,Hillffair,appteam.nith.hillffair,2,"GreedyPrefetchingStrategyOnVisitFrequencyAndTime",48490,0,0,0,True
nappagreedy,Hillffair,appteam.nith.hillffair,2,"GreedyPrefetchingStrategyOnVisitFrequencyAndTime",442031,0,1,1,True
nappagreedy,Hillffair,appteam.nith.hillffair,2,"GreedyPrefetchingStrategyOnVisitFrequencyAndTime",293020,0,1,1,True
nappagreedy,Hillffair,appteam.nith.hillffair,2,"GreedyPrefetchingStrategyOnVisitFrequencyAndTime",100365,0,0,0,True
nappagreedy,Hillffair,appteam.nith.hillffair,3,"GreedyPrefetchingStrategyOnVisitFrequencyAndTime",2938594,0,1,3,True
nappagreedy,Hillffair,appteam.nith.hillffair,3,"GreedyPrefetchingStrategyOnVisitFrequencyAndTime",362084,0,1,1,True
nappagreedy,Hillffair,appteam.nith.hillffair,3,"GreedyPrefetchingStrategyOnVisitFrequencyAndTime",237239,1,1,1,True
nappagreedy,Hillffair,appteam.nith.hillffair,3,"GreedyPrefetchingStrategyOnVisitFrequencyAndTime",39792,0,0,0,True
nappagreedy,Hillffair,appteam.nith.hillffair,3,"GreedyPrefetchingStrategyOnVisitFrequencyAndTime",229636,1,1,1,True
nappagreedy,Hillffair,appteam.nith.hillffair,3,"GreedyPrefetchingStrategyOnVisitFrequencyAndTime",47447,0,0,0,True
nappagreedy,Hillffair,appteam.nith.hillffair,3,"GreedyPrefetchingStrategyOnVisitFrequencyAndTime",233646,1,1,1,True
nappagreedy,Hillffair,appteam.nith.hillffair,3,"GreedyPrefetchingStrategyOnVisitFrequencyAndTime",39271,0,0,0,True
nappagreedy,Hillffair,appteam.nith.hillffair,3,"GreedyPrefetchingStrategyOnVisitFrequencyAndTime",264584,1,1,1,True
nappagreedy,Hillffair,appteam.nith.hillffair,3,"GreedyPrefetchingStrategyOnVisitFrequencyAndTime",60469,0,0,0,True
nappagreedy,Hillffair,appteam.nith.hillffair,3,"GreedyPrefetchingStrategyOnVisitFrequencyAndTime",323958,1,1,1,True
nappagreedy,Hillffair,appteam.nith.hillffair,3,"GreedyPrefetchingStrategyOnVisitFrequencyAndTime",59583,0,0,0,True
nappagreedy,Hillffair,appteam.nith.hillffair,3,"GreedyPrefetchingStrategyOnVisitFrequencyAndTime",293541,1,1,1,True
nappagreedy,Hillffair,appteam.nith.hillffair,3,"GreedyPrefetchingStrategyOnVisitFrequencyAndTime",222709,1,1,1,True
nappagreedy,Hillffair,appteam.nith.hillffair,3,"GreedyPrefetchingStrategyOnVisitFrequencyAndTime",39479,0,0,0,True
nappagreedy,Hillffair,appteam.nith.hillffair,3,"GreedyPrefetchingStrategyOnVisitFrequencyAndTime",352500,0,1,2,True
nappagreedy,Hillffair,appteam.nith.hillffair,3,"GreedyPrefetchingStrategyOnVisitFrequencyAndTime",48177,0,0,0,True
nappagreedy,Hillffair,appteam.nith.hillffair,3,"GreedyPrefetchingStrategyOnVisitFrequencyAndTime",64844,0,0,0,True
nappagreedy,Hillffair,appteam.nith.hillffair,3,"GreedyPrefetchingStrategyOnVisitFrequencyAndTime",49895,0,0,0,True
nappagreedy,Hillffair,appteam.nith.hillffair,3,"GreedyPrefetchingStrategyOnVisitFrequencyAndTime",426354,0,1,2,True
nappagreedy,Hillffair,appteam.nith.hillffair,3,"GreedyPrefetchingStrategyOnVisitFrequencyAndTime",62500,0,0,0,True
nappagreedy,Hillffair,appteam.nith.hillffair,3,"GreedyPrefetchingStrategyOnVisitFrequencyAndTime",208646,0,1,1,True
nappagreedy,Hillffair,appteam.nith.hillffair,3,"GreedyPrefetchingStrategyOnVisitFrequencyAndTime",283438,0,1,1,True
nappagreedy,Hillffair,appteam.nith.hillffair,3,"GreedyPrefetchingStrategyOnVisitFrequencyAndTime",46823,0,0,0,True
nappagreedy,Hillffair,appteam.nith.hillffair,3,"GreedyPrefetchingStrategyOnVisitFrequencyAndTime",329531,0,1,1,True
nappagreedy,Hillffair,appteam.nith.hillffair,3,"GreedyPrefetchingStrategyOnVisitFrequencyAndTime",48959,0,0,0,True
nappagreedy,Hillffair,appteam.nith.hillffair,3,"GreedyPrefetchingStrategyOnVisitFrequencyAndTime",297656,0,1,1,True
nappagreedy,Hillffair,appteam.nith.hillffair,3,"GreedyPrefetchingStrategyOnVisitFrequencyAndTime",60573,0,0,0,True
nappagreedy,Hillffair,appteam.nith.hillffair,3,"GreedyPrefetchingStrategyOnVisitFrequencyAndTime",310781,0,1,1,True
nappagreedy,Hillffair,appteam.nith.hillffair,3,"GreedyPrefetchingStrategyOnVisitFrequencyAndTime",48489,0,0,0,True
nappagreedy,Hillffair,appteam.nith.hillffair,3,"GreedyPrefetchingStrategyOnVisitFrequencyAndTime",360729,0,1,1,True
nappagreedy,Hillffair,appteam.nith.hillffair,3,"GreedyPrefetchingStrategyOnVisitFrequencyAndTime",57604,0,0,0,True
nappagreedy,Hillffair,appteam.nith.hillffair,3,"GreedyPrefetchingStrategyOnVisitFrequencyAndTime",260833,0,1,1,True
nappagreedy,Hillffair,appteam.nith.hillffair,3,"GreedyPrefetchingStrategyOnVisitFrequencyAndTime",398854,0,1,1,True
nappagreedy,Hillffair,appteam.nith.hillffair,3,"GreedyPrefetchingStrategyOnVisitFrequencyAndTime",58281,0,0,0,True
nappagreedy,NewsBlur,com.newsblur,1,"GreedyPrefetchingStrategyOnVisitFrequencyAndTime",197657,0,0,0,True
nappagreedy,NewsBlur,com.newsblur,1,"GreedyPrefetchingStrategyOnVisitFrequencyAndTime",58802,0,0,0,True
nappagreedy,NewsBlur,com.newsblur,1,"GreedyPrefetchingStrategyOnVisitFrequencyAndTime",42396,0,0,0,True
nappagreedy,NewsBlur,com.newsblur,1,"GreedyPrefetchingStrategyOnVisitFrequencyAndTime",52188,0,0,0,True
nappagreedy,NewsBlur,com.newsblur,1,"GreedyPrefetchingStrategyOnVisitFrequencyAndTime",325729,0,1,1,True
nappagreedy,NewsBlur,com.newsblur,1,"GreedyPrefetchingStrategyOnVisitFrequencyAndTime",28594,0,0,0,True
nappagreedy,NewsBlur,com.newsblur,1,"GreedyPrefetchingStrategyOnVisitFrequencyAndTime",412605,0,2,1,True
nappagreedy,NewsBlur,com.newsblur,1,"GreedyPrefetchingStrategyOnVisitFrequencyAndTime",201094,0,1,1,True
nappagreedy,NewsBlur,com.newsblur,1,"GreedyPrefetchingStrategyOnVisitFrequencyAndTime",163437,0,1,1,True
nappagreedy,NewsBlur,com.newsblur,1,"GreedyPrefetchingStrategyOnVisitFrequencyAndTime",50000,0,0,0,True
nappagreedy,NewsBlur,com.newsblur,1,"GreedyPrefetchingStrategyOnVisitFrequencyAndTime",512760,0,2,1,True
nappagreedy,NewsBlur,com.newsblur,1,"GreedyPrefetchingStrategyOnVisitFrequencyAndTime",44531,0,0,0,True
nappagreedy,NewsBlur,com.newsblur,1,"GreedyPrefetchingStrategyOnVisitFrequencyAndTime",41407,0,0,0,True
nappagreedy,NewsBlur,com.newsblur,1,"GreedyPrefetchingStrategyOnVisitFrequencyAndTime",47187,0,0,0,True
nappagreedy,NewsBlur,com.newsblur,1,"GreedyPrefetchingStrategyOnVisitFrequencyAndTime",304687,0,1,1,True
nappagreedy,NewsBlur,com.newsblur,1,"GreedyPrefetchingStrategyOnVisitFrequencyAndTime",66615,0,0,0,True
nappagreedy,NewsBlur,com.newsblur,1,"GreedyPrefetchingStrategyOnVisitFrequencyAndTime",448646,0,2,2,True
nappagreedy,NewsBlur,com.newsblur,1,"GreedyPrefetchingStrategyOnVisitFrequencyAndTime",235781,0,1,1,True
nappagreedy,NewsBlur,com.newsblur,1,"GreedyPrefetchingStrategyOnVisitFrequencyAndTime",194792,0,1,1,True
nappagreedy,NewsBlur,com.newsblur,1,"GreedyPrefetchingStrategyOnVisitFrequencyAndTime",26875,0,0,0,True
nappagreedy,NewsBlur,com.newsblur,2,"GreedyPrefetchingStrategyOnVisitFrequencyAndTime",2380625,0,1,2,True
nappagreedy,NewsBlur,com.newsblur,2,"GreedyPrefetchingStrategyOnVisitFrequencyAndTime",350104,0,1,1,True
nappagreedy,NewsBlur,com.newsblur,2,"GreedyPrefetchingStrategyOnVisitFrequencyAndTime",378282,0,1,1,True
nappagreedy,NewsBlur,com.newsblur,2,"GreedyPrefetchingStrategyOnVisitFrequencyAndTime",56563,0,0,0,True
nappagreedy,NewsBlur,com.newsblur,2,"GreedyPrefetchingStrategyOnVisitFrequencyAndTime",857344,0,1,1,True
nappagreedy,NewsBlur,com.newsblur,2,"GreedyPrefetchingStrategyOnVisitFrequencyAndTime",57084,0,0,0,True
nappagreedy,NewsBlur,com.newsblur,2,"GreedyPrefetchingStrategyOnVisitFrequencyAndTime",661979,0,2,2,True
nappagreedy,NewsBlur,com.newsblur,2,"GreedyPrefetchingStrategyOnVisitFrequencyAndTime",302188,0,1,1,True
nappagreedy,NewsBlur,com.newsblur,2,"GreedyPrefetchingStrategyOnVisitFrequencyAndTime",321667,0,1,1,True
nappagreedy,NewsBlur,com.newsblur,2,"GreedyPrefetchingStrategyOnVisitFrequencyAndTime",54375,0,0,0,True
nappagreedy,NewsBlur,com.newsblur,2,"GreedyPrefetchingStrategyOnVisitFrequencyAndTime",560208,0,2,2,True
nappagreedy,NewsBlur,com.newsblur,2,"GreedyPrefetchingStrategyOnVisitFrequencyAndTime",260520,0,1,1,True
nappagreedy,NewsBlur,com.newsblur,2,"GreedyPrefetchingStrategyOnVisitFrequencyAndTime",521875,0,1,1,True
nappagreedy,NewsBlur,com.newsblur,2,"GreedyPrefetchingStrategyOnVisitFrequencyAndTime",54375,0,0,0,True
nappagreedy,NewsBlur,com.newsblur,2,"GreedyPrefetchingStrategyOnVisitFrequencyAndTime",330678,0,1,1,True
nappagreedy,NewsBlur,com.newsblur,2,"GreedyPrefetchingStrategyOnVisitFrequencyAndTime",59271,0,0,0,True
nappagreedy,NewsBlur,com.newsblur,2,"GreedyPrefetchingStrategyOnVisitFrequencyAndTime",301562,0,1,2,True
nappagreedy,NewsBlur,com.newsblur,2,"GreedyPrefetchingStrategyOnVisitFrequencyAndTime",463281,0,1,1,True
nappagreedy,NewsBlur,com.newsblur,2,"GreedyPrefetchingStrategyOnVisitFrequencyAndTime",347083,0,1,1,True
nappagreedy,NewsBlur,com.newsblur,2,"GreedyPrefetchingStrategyOnVisitFrequencyAndTime",44218,0,0,0,True
nappagreedy,NewsBlur,com.newsblur,3,"GreedyPrefetchingStrategyOnVisitFrequencyAndTime",526042,0,1,2,True
nappagreedy,NewsBlur,com.newsblur,3,"GreedyPrefetchingStrategyOnVisitFrequencyAndTime",187188,0,1,1,True
nappagreedy,NewsBlur,com.newsblur,3,"GreedyPrefetchingStrategyOnVisitFrequencyAndTime",1091198,0,1,1,True
nappagreedy,NewsBlur,com.newsblur,3,"GreedyPrefetchingStrategyOnVisitFrequencyAndTime",38542,0,0,0,True
nappagreedy,NewsBlur,com.newsblur,3,"GreedyPrefetchingStrategyOnVisitFrequencyAndTime",306511,0,1,1,True
nappagreedy,NewsBlur,com.newsblur,3,"GreedyPrefetchingStrategyOnVisitFrequencyAndTime",49895,0,0,0,True
nappagreedy,NewsBlur,com.newsblur,3,"GreedyPrefetchingStrategyOnVisitFrequencyAndTime",297239,0,1,2,True
nappagreedy,NewsBlur,com.newsblur,3,"GreedyPrefetchingStrategyOnVisitFrequencyAndTime",286198,0,1,1,True
nappagreedy,NewsBlur,com.newsblur,3,"GreedyPrefetchingStrategyOnVisitFrequencyAndTime",492344,0,1,1,True
nappagreedy,NewsBlur,com.newsblur,3,"GreedyPrefetchingStrategyOnVisitFrequencyAndTime",44792,0,0,0,True
nappagreedy,NewsBlur,com.newsblur,3,"GreedyPrefetchingStrategyOnVisitFrequencyAndTime",519635,0,2,2,True
nappagreedy,NewsBlur,com.newsblur,3,"GreedyPrefetchingStrategyOnVisitFrequencyAndTime",255469,0,1,1,True
nappagreedy,NewsBlur,com.newsblur,3,"GreedyPrefetchingStrategyOnVisitFrequencyAndTime",273125,0,1,1,True
nappagreedy,NewsBlur,com.newsblur,3,"GreedyPrefetchingStrategyOnVisitFrequencyAndTime",63281,0,0,0,True
nappagreedy,NewsBlur,com.newsblur,3,"GreedyPrefetchingStrategyOnVisitFrequencyAndTime",1351146,0,1,1,True
nappagreedy,NewsBlur,com.newsblur,3,"GreedyPrefetchingStrategyOnVisitFrequencyAndTime",48750,0,0,0,True
nappagreedy,NewsBlur,com.newsblur,3,"GreedyPrefetchingStrategyOnVisitFrequencyAndTime",330365,0,1,2,True
nappagreedy,NewsBlur,com.newsblur,3,"GreedyPrefetchingStrategyOnVisitFrequencyAndTime",356094,0,1,1,True
nappagreedy,NewsBlur,com.newsblur,3,"GreedyPrefetchingStrategyOnVisitFrequencyAndTime",376094,0,1,1,True
nappagreedy,NewsBlur,com.newsblur,3,"GreedyPrefetchingStrategyOnVisitFrequencyAndTime",57813,0,0,0,True
nappagreedy,Travel Mate,io.github.project_travel_mate,1,"GreedyPrefetchingStrategyOnVisitFrequencyAndTime",1603594,0,1,5,True
nappagreedy,Travel Mate,io.github.project_travel_mate,1,"GreedyPrefetchingStrategyOnVisitFrequencyAndTime",297031,0,1,5,True
nappagreedy,Travel Mate,io.github.project_travel_mate,1,"GreedyPrefetchingStrategyOnVisitFrequencyAndTime",323854,0,1,2,True
nappagreedy,Travel Mate,io.github.project_travel_mate,1,"GreedyPrefetchingStrategyOnVisitFrequencyAndTime",45365,0,0,0,True
nappagreedy,Travel Mate,io.github.project_travel_mate,1,"GreedyPrefetchingStrategyOnVisitFrequencyAndTime",281458,0,1,2,True
nappagreedy,Travel Mate,io.github.project_travel_mate,1,"GreedyPrefetchingStrategyOnVisitFrequencyAndTime",43594,0,0,0,True
nappagreedy,Travel Mate,io.github.project_travel_mate,1,"GreedyPrefetchingStrategyOnVisitFrequencyAndTime",384531,0,1,2,True
nappagreedy,Travel Mate,io.github.project_travel_mate,1,"GreedyPrefetchingStrategyOnVisitFrequencyAndTime",49947,0,0,0,True
nappagreedy,Travel Mate,io.github.project_travel_mate,1,"GreedyPrefetchingStrategyOnVisitFrequencyAndTime",77813,0,0,0,True
nappagreedy,Travel Mate,io.github.project_travel_mate,1,"GreedyPrefetchingStrategyOnVisitFrequencyAndTime",372448,0,1,5,True
nappagreedy,Travel Mate,io.github.project_travel_mate,1,"GreedyPrefetchingStrategyOnVisitFrequencyAndTime",290052,0,1,2,True
nappagreedy,Travel Mate,io.github.project_travel_mate,1,"GreedyPrefetchingStrategyOnVisitFrequencyAndTime",66979,0,0,0,True
nappagreedy,Travel Mate,io.github.project_travel_mate,1,"GreedyPrefetchingStrategyOnVisitFrequencyAndTime",473073,0,0,0,True
nappagreedy,Travel Mate,io.github.project_travel_mate,1,"GreedyPrefetchingStrategyOnVisitFrequencyAndTime",76354,0,0,0,True
nappagreedy,Travel Mate,io.github.project_travel_mate,1,"GreedyPrefetchingStrategyOnVisitFrequencyAndTime",52448,0,0,0,True
nappagreedy,Travel Mate,io.github.project_travel_mate,1,"GreedyPrefetchingStrategyOnVisitFrequencyAndTime",70782,0,0,0,True
nappagreedy,Travel Mate,io.github.project_travel_mate,1,"GreedyPrefetchingStrategyOnVisitFrequencyAndTime",56041,0,0,0,True
nappagreedy,Travel Mate,io.github.project_travel_mate,1,"GreedyPrefetchingStrategyOnVisitFrequencyAndTime",60000,0,0,0,True
nappagreedy,Travel Mate,io.github.project_travel_mate,1,"GreedyPrefetchingStrategyOnVisitFrequencyAndTime",70156,0,0,0,True
nappagreedy,Travel Mate,io.github.project_travel_mate,1,"GreedyPrefetchingStrategyOnVisitFrequencyAndTime",58125,0,0,0,True
nappagreedy,Travel Mate,io.github.project_travel_mate,2,"GreedyPrefetchingStrategyOnVisitFrequencyAndTime",920521,0,1,5,True
nappagreedy,Travel Mate,io.github.project_travel_mate,2,"GreedyPrefetchingStrategyOnVisitFrequencyAndTime",417552,0,1,5,True
nappagreedy,Travel Mate,io.github.project_travel_mate,2,"GreedyPrefetchingStrategyOnVisitFrequencyAndTime",854948,0,1,2,True
nappagreedy,Travel Mate,io.github.project_travel_mate,2,"GreedyPrefetchingStrategyOnVisitFrequencyAndTime",65469,0,0,0,True
nappagreedy,Travel Mate,io.github.project_travel_mate,2,"GreedyPrefetchingStrategyOnVisitFrequencyAndTime",366302,0,1,2,True
nappagreedy,Travel Mate,io.github.project_travel_mate,2,"GreedyPrefetchingStrategyOnVisitFrequencyAndTime",55625,0,0,0,True
nappagreedy,Travel Mate,io.github.project_travel_mate,2,"GreedyPrefetchingStrategyOnVisitFrequencyAndTime",368594,0,1,2,True
nappagreedy,Travel Mate,io.github.project_travel_mate,2,"GreedyPrefetchingStrategyOnVisitFrequencyAndTime",54792,0,0,0,True
nappagreedy,Travel Mate,io.github.project_travel_mate,2,"GreedyPrefetchingStrategyOnVisitFrequencyAndTime",70312,0,0,0,True
nappagreedy,Travel Mate,io.github.project_travel_mate,2,"GreedyPrefetchingStrategyOnVisitFrequencyAndTime",464531,0,1,5,True
nappagreedy,Travel Mate,io.github.project_travel_mate,2,"GreedyPrefetchingStrategyOnVisitFrequencyAndTime",490572,0,1,2,True
nappagreedy,Travel Mate,io.github.project_travel_mate,2,"GreedyPrefetchingStrategyOnVisitFrequencyAndTime",79323,0,0,0,True
nappagreedy,Travel Mate,io.github.project_travel_mate,2,"GreedyPrefetchingStrategyOnVisitFrequencyAndTime",75521,0,0,0,True
nappagreedy,Travel Mate,io.github.project_travel_mate,2,"GreedyPrefetchingStrategyOnVisitFrequencyAndTime",59791,0,0,0,True
nappagreedy,Travel Mate,io.github.project_travel_mate,2,"GreedyPrefetchingStrategyOnVisitFrequencyAndTime",51979,0,0,0,True
nappagreedy,Travel Mate,io.github.project_travel_mate,2,"GreedyPrefetchingStrategyOnVisitFrequencyAndTime",62396,0,0,0,True
nappagreedy,Travel Mate,io.github.project_travel_mate,2,"GreedyPrefetchingStrategyOnVisitFrequencyAndTime",56667,0,0,0,True
nappagreedy,Travel Mate,io.github.project_travel_mate,2,"GreedyPrefetchingStrategyOnVisitFrequencyAndTime",50937,0,0,0,True
nappagreedy,Travel Mate,io.github.project_travel_mate,2,"GreedyPrefetchingStrategyOnVisitFrequencyAndTime",132916,0,0,0,True
nappagreedy,Travel Mate,io.github.project_travel_mate,2,"GreedyPrefetchingStrategyOnVisitFrequencyAndTime",75104,0,0,0,True
nappagreedy,Travel Mate,io.github.project_travel_mate,3,"GreedyPrefetchingStrategyOnVisitFrequencyAndTime",700781,0,1,5,True
nappagreedy,Travel Mate,io.github.project_travel_mate,3,"GreedyPrefetchingStrategyOnVisitFrequencyAndTime",325052,0,1,5,True
nappagreedy,Travel Mate,io.github.project_travel_mate,3,"GreedyPrefetchingStrategyOnVisitFrequencyAndTime",248698,0,1,2,True
nappagreedy,Travel Mate,io.github.project_travel_mate,3,"GreedyPrefetchingStrategyOnVisitFrequencyAndTime",68750,0,0,0,True
nappagreedy,Travel Mate,io.github.project_travel_mate,3,"GreedyPrefetchingStrategyOnVisitFrequencyAndTime",603489,0,1,2,True
nappagreedy,Travel Mate,io.github.project_travel_mate,3,"GreedyPrefetchingStrategyOnVisitFrequencyAndTime",56771,0,0,0,True
nappagreedy,Travel Mate,io.github.project_travel_mate,3,"GreedyPrefetchingStrategyOnVisitFrequencyAndTime",746666,0,1,2,True
nappagreedy,Travel Mate,io.github.project_travel_mate,3,"GreedyPrefetchingStrategyOnVisitFrequencyAndTime",59635,0,0,0,True
nappagreedy,Travel Mate,io.github.project_travel_mate,3,"GreedyPrefetchingStrategyOnVisitFrequencyAndTime",61666,0,0,0,True
nappagreedy,Travel Mate,io.github.project_travel_mate,3,"GreedyPrefetchingStrategyOnVisitFrequencyAndTime",479115,0,1,5,True
nappagreedy,Travel Mate,io.github.project_travel_mate,3,"GreedyPrefetchingStrategyOnVisitFrequencyAndTime",310834,0,1,2,True
nappagreedy,Travel Mate,io.github.project_travel_mate,3,"GreedyPrefetchingStrategyOnVisitFrequencyAndTime",56719,0,0,0,True
nappagreedy,Travel Mate,io.github.project_travel_mate,3,"GreedyPrefetchingStrategyOnVisitFrequencyAndTime",57917,0,0,0,True
nappagreedy,Travel Mate,io.github.project_travel_mate,3,"GreedyPrefetchingStrategyOnVisitFrequencyAndTime",61198,0,0,0,True
nappagreedy,Travel Mate,io.github.project_travel_mate,3,"GreedyPrefetchingStrategyOnVisitFrequencyAndTime",55468,0,0,0,True
nappagreedy,Travel Mate,io.github.project_travel_mate,3,"GreedyPrefetchingStrategyOnVisitFrequencyAndTime",66771,0,0,0,True
nappagreedy,Travel Mate,io.github.project_travel_mate,3,"GreedyPrefetchingStrategyOnVisitFrequencyAndTime",73073,0,0,0,True
nappagreedy,Travel Mate,io.github.project_travel_mate,3,"GreedyPrefetchingStrategyOnVisitFrequencyAndTime",69011,0,0,0,True
nappagreedy,Travel Mate,io.github.project_travel_mate,3,"GreedyPrefetchingStrategyOnVisitFrequencyAndTime",104844,0,0,0,True
nappagreedy,Travel Mate,io.github.project_travel_mate,3,"GreedyPrefetchingStrategyOnVisitFrequencyAndTime",59219,0,0,0,True
nappatfpr,Hillffair,appteam.nith.hillffair,1,"TfprPrefetchingStrategy",4063,0,0,0,True
nappatfpr,Hillffair,appteam.nith.hillffair,1,"TfprPrefetchingStrategy",1719,0,0,0,True
nappatfpr,Hillffair,appteam.nith.hillffair,1,"TfprPrefetchingStrategy",1979,0,0,0,True
nappatfpr,Hillffair,appteam.nith.hillffair,1,"TfprPrefetchingStrategy",990,0,0,0,True
nappatfpr,Hillffair,appteam.nith.hillffair,1,"TfprPrefetchingStrategy",1100782,1,1,1,True
nappatfpr,Hillffair,appteam.nith.hillffair,1,"TfprPrefetchingStrategy",625,0,0,0,True
nappatfpr,Hillffair,appteam.nith.hillffair,1,"TfprPrefetchingStrategy",450365,1,1,1,True
nappatfpr,Hillffair,appteam.nith.hillffair,1,"TfprPrefetchingStrategy",729,0,0,0,True
nappatfpr,Hillffair,appteam.nith.hillffair,1,"TfprPrefetchingStrategy",482865,1,1,1,True
nappatfpr,Hillffair,appteam.nith.hillffair,1,"TfprPrefetchingStrategy",729,0,0,0,True
nappatfpr,Hillffair,appteam.nith.hillffair,1,"TfprPrefetchingStrategy",443437,1,1,1,True
nappatfpr,Hillffair,appteam.nith.hillffair,1,"TfprPrefetchingStrategy",1042,0,0,0,True
nappatfpr,Hillffair,appteam.nith.hillffair,1,"TfprPrefetchingStrategy",406406,1,1,1,True
nappatfpr,Hillffair,appteam.nith.hillffair,1,"TfprPrefetchingStrategy",513281,1,1,1,True
nappatfpr,Hillffair,appteam.nith.hillffair,1,"TfprPrefetchingStrategy",1406,0,0,0,True
nappatfpr,Hillffair,appteam.nith.hillffair,1,"TfprPrefetchingStrategy",730,0,0,0,True
nappatfpr,Hillffair,appteam.nith.hillffair,1,"TfprPrefetchingStrategy",1459,0,0,0,True
nappatfpr,Hillffair,appteam.nith.hillffair,1,"TfprPrefetchingStrategy",833,0,0,0,True
nappatfpr,Hillffair,appteam.nith.hillffair,1,"TfprPrefetchingStrategy",1094,0,0,0,True
nappatfpr,Hillffair,appteam.nith.hillffair,1,"TfprPrefetchingStrategy",797604,0,1,2,True
nappatfpr,Hillffair,appteam.nith.hillffair,1,"TfprPrefetchingStrategy",1354,0,0,0,True
nappatfpr,Hillffair,appteam.nith.hillffair,1,"TfprPrefetchingStrategy",1771,0,0,0,True
nappatfpr,Hillffair,appteam.nith.hillffair,1,"TfprPrefetchingStrategy",1823,0,0,0,True
nappatfpr,Hillffair,appteam.nith.hillffair,1,"TfprPrefetchingStrategy",2031,0,0,0,True
nappatfpr,Hillffair,appteam.nith.hillffair,1,"TfprPrefetchingStrategy",577448,0,1,1,True
nappatfpr,Hillffair,appteam.nith.hillffair,1,"TfprPrefetchingStrategy",1511,0,0,0,True
nappatfpr,Hillffair,appteam.nith.hillffair,1,"TfprPrefetchingStrategy",1162396,0,1,1,True
nappatfpr,Hillffair,appteam.nith.hillffair,1,"TfprPrefetchingStrategy",1250,0,0,0,True
nappatfpr,Hillffair,appteam.nith.hillffair,1,"TfprPrefetchingStrategy",605312,0,1,1,True
nappatfpr,Hillffair,appteam.nith.hillffair,1,"TfprPrefetchingStrategy",1354,0,0,0,True
nappatfpr,Hillffair,appteam.nith.hillffair,1,"TfprPrefetchingStrategy",753855,0,1,1,True
nappatfpr,Hillffair,appteam.nith.hillffair,1,"TfprPrefetchingStrategy",1823,0,0,0,True
nappatfpr,Hillffair,appteam.nith.hillffair,1,"TfprPrefetchingStrategy",873594,0,1,1,True
nappatfpr,Hillffair,appteam.nith.hillffair,1,"TfprPrefetchingStrategy",666980,0,1,1,True
nappatfpr,Hillffair,appteam.nith.hillffair,1,"TfprPrefetchingStrategy",1094,0,0,0,True
nappatfpr,Hillffair,appteam.nith.hillffair,2,"TfprPrefetchingStrategy",3555677,0,0,3,True
nappatfpr,Hillffair,appteam.nith.hillffair,2,"TfprPrefetchingStrategy",870365,0,1,1,True
nappatfpr,Hillffair,appteam.nith.hillffair,2,"TfprPrefetchingStrategy",755208,1,1,1,True
nappatfpr,Hillffair,appteam.nith.hillffair,2,"TfprPrefetchingStrategy",937,0,0,0,True
nappatfpr,Hillffair,appteam.nith.hillffair,2,"TfprPrefetchingStrategy",732969,1,1,1,True
nappatfpr,Hillffair,appteam.nith.hillffair,2,"TfprPrefetchingStrategy",1094,0,0,0,True
nappatfpr,Hillffair,appteam.nith.hillffair,2,"TfprPrefetchingStrategy",780156,1,1,1,True
nappatfpr,Hillffair,appteam.nith.hillffair,2,"TfprPrefetchingStrategy",781,0,0,0,True
nappatfpr,Hillffair,appteam.nith.hillffair,2,"TfprPrefetchingStrategy",1023281,1,1,1,True
nappatfpr,Hillffair,appteam.nith.hillffair,2,"TfprPrefetchingStrategy",2031,0,0,0,True
nappatfpr,Hillffair,appteam.nith.hillffair,2,"TfprPrefetchingStrategy",1019166,1,1,1,True
nappatfpr,Hillffair,appteam.nith.hillffair,2,"TfprPrefetchingStrategy",990,0,0,0,True
nappatfpr,Hillffair,appteam.nith.hillffair,2,"TfprPrefetchingStrategy",1099375,1,1,1,True
nappatfpr,Hillffair,appteam.nith.hillffair,2,"TfprPrefetchingStrategy",1113021,1,1,1,True
nappatfpr,Hillffair,appteam.nith.hillffair,2,"TfprPrefetchingStrategy",1771,0,0,0,True
nappatfpr,Hillffair,appteam.nith.hillffair,2,"TfprPrefetchingStrategy",1290885,0,1,2,True
nappatfpr,Hillffair,appteam.nith.hillffair,2,"TfprPrefetchingStrategy",2344,0,0,0,True
nappatfpr,Hillffair,appteam.nith.hillffair,2,"TfprPrefetchingStrategy",2291,0,0,0,True
nappatfpr,Hillffair,appteam.nith.hillffair,2,"TfprPrefetchingStrategy",2552,0,0,0,True
nappatfpr,Hillffair,appteam.nith.hillffair,2,"TfprPrefetchingStrategy",1060156,0,1,2,True
nappatfpr,Hillffair,appteam.nith.hillffair,2,"TfprPrefetchingStrategy",2084,0,0,0,True
nappatfpr,Hillffair,appteam.nith.hillffair,2,"TfprPrefetchingStrategy",803125,0,1,1,True
nappatfpr,Hillffair,appteam.nith.hillffair,2,"TfprPrefetchingStrategy",1214687,0,1,1,True
nappatfpr,Hillffair,appteam.nith.hillffair,2,"TfprPrefetchingStrategy",1146,0,0,0,True
nappatfpr,Hillffair,appteam.nith.hillffair,2,"TfprPrefetchingStrategy",1061979,0,1,1,True
nappatfpr,Hillffair,appteam.nith.hillffair,2,"TfprPrefetchingStrategy",1770,0,0,0,True
nappatfpr,Hillffair,appteam.nith.hillffair,2,"TfprPrefetchingStrategy",1027292,0,1,1,True
nappatfpr,Hillffair,appteam.nith.hillffair,2,"TfprPrefetchingStrategy",1303,0,0,0,True
nappatfpr,Hillffair,appteam.nith.hillffair,2,"TfprPrefetchingStrategy",981719,0,1,1,True
nappatfpr,Hillffair,appteam.nith.hillffair,2,"TfprPrefetchingStrategy",1302,0,0,0,True
nappatfpr,Hillffair,appteam.nith.hillffair,2,"TfprPrefetchingStrategy",981562,0,1,1,True
nappatfpr,Hillffair,appteam.nith.hillffair,2,"TfprPrefetchingStrategy",1094,0,0,0,True
nappatfpr,Hillffair,appteam.nith.hillffair,2,"TfprPrefetchingStrategy",1054844,0,1,1,True
nappatfpr,Hillffair,appteam.nith.hillffair,2,"TfprPrefetchingStrategy",1052969,0,1,1,True
nappatfpr,Hillffair,appteam.nith.hillffair,2,"TfprPrefetchingStrategy",1250,0,0,0,True
nappatfpr,Hillffair,appteam.nith.hillffair,3,"TfprPrefetchingStrategy",3042083,0,0,3,True
nappatfpr,Hillffair,appteam.nith.hillffair,3,"TfprPrefetchingStrategy",619896,0,1,1,True
nappatfpr,Hillffair,appteam.nith.hillffair,3,"TfprPrefetchingStrategy",677916,1,1,1,True
nappatfpr,Hillffair,appteam.nith.hillffair,3,"TfprPrefetchingStrategy",1250,0,0,0,True
nappatfpr,Hillffair,appteam.nith.hillffair,3,"TfprPrefetchingStrategy",702552,1,1,1,True
nappatfpr,Hillffair,appteam.nith.hillffair,3,"TfprPrefetchingStrategy",938,0,0,0,True
nappatfpr,Hillffair,appteam.nith.hillffair,3,"TfprPrefetchingStrategy",1098438,1,1,1,True
nappatfpr,Hillffair,appteam.nith.hillffair,3,"TfprPrefetchingStrategy",1146,0,0,0,True
nappatfpr,Hillffair,appteam.nith.hillffair,3,"TfprPrefetchingStrategy",1143385,1,1,1,True
nappatfpr,Hillffair,appteam.nith.hillffair,3,"TfprPrefetchingStrategy",1406,0,0,0,True
nappatfpr,Hillffair,appteam.nith.hillffair,3,"TfprPrefetchingStrategy",785781,1,1,1,True
nappatfpr,Hillffair,appteam.nith.hillffair,3,"TfprPrefetchingStrategy",1927,0,0,0,True
nappatfpr,Hillffair,appteam.nith.hillffair,3,"TfprPrefetchingStrategy",802344,1,1,1,True
nappatfpr,Hillffair,appteam.nith.hillffair,3,"TfprPrefetchingStrategy",708125,1,1,1,True
nappatfpr,Hillffair,appteam.nith.hillffair,3,"TfprPrefetchingStrategy",1198,0,0,0,True
nappatfpr,Hillffair,appteam.nith.hillffair,3,"TfprPrefetchingStrategy",1196146,0,1,2,True
nappatfpr,Hillffair,appteam.nith.hillffair,3,"TfprPrefetchingStrategy",1459,0,0,0,True
nappatfpr,Hillffair,appteam.nith.hillffair,3,"TfprPrefetchingStrategy",2500,0,0,0,True
nappatfpr,Hillffair,appteam.nith.hillffair,3,"TfprPrefetchingStrategy",885,0,0,0,True
nappatfpr,Hillffair,appteam.nith.hillffair,3,"TfprPrefetchingStrategy",1073542,0,1,2,True
nappatfpr,Hillffair,appteam.nith.hillffair,3,"TfprPrefetchingStrategy",1406,0,0,0,True
nappatfpr,Hillffair,appteam.nith.hillffair,3,"TfprPrefetchingStrategy",814271,0,1,1,True
nappatfpr,Hillffair,appteam.nith.hillffair,3,"TfprPrefetchingStrategy",1174739,0,1,1,True
nappatfpr,Hillffair,appteam.nith.hillffair,3,"TfprPrefetchingStrategy",885,0,0,0,True
nappatfpr,Hillffair,appteam.nith.hillffair,3,"TfprPrefetchingStrategy",1029791,0,1,1,True
nappatfpr,Hillffair,appteam.nith.hillffair,3,"TfprPrefetchingStrategy",1614,0,0,0,True
nappatfpr,Hillffair,appteam.nith.hillffair,3,"TfprPrefetchingStrategy",998386,0,1,1,True
nappatfpr,Hillffair,appteam.nith.hillffair,3,"TfprPrefetchingStrategy",1979,0,0,0,True
nappatfpr,Hillffair,appteam.nith.hillffair,3,"TfprPrefetchingStrategy",961562,0,1,1,True
nappatfpr,Hillffair,appteam.nith.hillffair,3,"TfprPrefetchingStrategy",1302,0,0,0,True
nappatfpr,Hillffair,appteam.nith.hillffair,3,"TfprPrefetchingStrategy",781875,0,1,1,True
nappatfpr,Hillffair,appteam.nith.hillffair,3,"TfprPrefetchingStrategy",1666,0,0,0,True
nappatfpr,Hillffair,appteam.nith.hillffair,3,"TfprPrefetchingStrategy",913593,0,1,1,True
nappatfpr,Hillffair,appteam.nith.hillffair,3,"TfprPrefetchingStrategy",2518281,0,1,1,True
nappatfpr,Hillffair,appteam.nith.hillffair,3,"TfprPrefetchingStrategy",1355,0,0,0,True
nappatfpr,NewsBlur,com.newsblur,1,"TfprPrefetchingStrategy",1875,0,0,0,True
nappatfpr,NewsBlur,com.newsblur,1,"TfprPrefetchingStrategy",2031,0,0,0,True
nappatfpr,NewsBlur,com.newsblur,1,"TfprPrefetchingStrategy",2395,0,0,0,True
nappatfpr,NewsBlur,com.newsblur,1,"TfprPrefetchingStrategy",1875,0,0,0,True
nappatfpr,NewsBlur,com.newsblur,1,"TfprPrefetchingStrategy",5622500,0,1,1,True
nappatfpr,NewsBlur,com.newsblur,1,"TfprPrefetchingStrategy",2395,0,0,0,True
nappatfpr,NewsBlur,com.newsblur,1,"TfprPrefetchingStrategy",1117916,0,1,1,True
nappatfpr,NewsBlur,com.newsblur,1,"TfprPrefetchingStrategy",682708,0,1,1,True
nappatfpr,NewsBlur,com.newsblur,1,"TfprPrefetchingStrategy",716145,0,1,1,True
nappatfpr,NewsBlur,com.newsblur,1,"TfprPrefetchingStrategy",1094,0,0,0,True
nappatfpr,NewsBlur,com.newsblur,1,"TfprPrefetchingStrategy",621979,0,1,1,True
nappatfpr,NewsBlur,com.newsblur,1,"TfprPrefetchingStrategy",2188,0,0,0,True
nappatfpr,NewsBlur,com.newsblur,1,"TfprPrefetchingStrategy",5312,0,0,0,True
nappatfpr,NewsBlur,com.newsblur,1,"TfprPrefetchingStrategy",729,0,0,0,True
nappatfpr,NewsBlur,com.newsblur,1,"TfprPrefetchingStrategy",631406,0,1,1,True
nappatfpr,NewsBlur,com.newsblur,1,"TfprPrefetchingStrategy",1302,0,0,0,True
nappatfpr,NewsBlur,com.newsblur,1,"TfprPrefetchingStrategy",1128281,0,1,2,True
nappatfpr,NewsBlur,com.newsblur,1,"TfprPrefetchingStrategy",702188,0,1,1,True
nappatfpr,NewsBlur,com.newsblur,1,"TfprPrefetchingStrategy",812500,0,1,1,True
nappatfpr,NewsBlur,com.newsblur,1,"TfprPrefetchingStrategy",730,0,0,0,True
nappatfpr,NewsBlur,com.newsblur,2,"TfprPrefetchingStrategy",1640677,0,2,2,True
nappatfpr,NewsBlur,com.newsblur,2,"TfprPrefetchingStrategy",964948,0,1,1,True
nappatfpr,NewsBlur,com.newsblur,2,"TfprPrefetchingStrategy",1450053,0,1,1,True
nappatfpr,NewsBlur,com.newsblur,2,"TfprPrefetchingStrategy",5208,0,0,0,True
nappatfpr,NewsBlur,com.newsblur,2,"TfprPrefetchingStrategy",841615,0,1,1,True
nappatfpr,NewsBlur,com.newsblur,2,"TfprPrefetchingStrategy",1250,0,0,0,True
nappatfpr,NewsBlur,com.newsblur,2,"TfprPrefetchingStrategy",1100781,0,1,2,True
nappatfpr,NewsBlur,com.newsblur,2,"TfprPrefetchingStrategy",732969,0,1,1,True
nappatfpr,NewsBlur,com.newsblur,2,"TfprPrefetchingStrategy",1098646,0,1,1,True
nappatfpr,NewsBlur,com.newsblur,2,"TfprPrefetchingStrategy",1667,0,0,0,True
nappatfpr,NewsBlur,com.newsblur,2,"TfprPrefetchingStrategy",1115990,0,1,2,True
nappatfpr,NewsBlur,com.newsblur,2,"TfprPrefetchingStrategy",920313,0,1,1,True
nappatfpr,NewsBlur,com.newsblur,2,"TfprPrefetchingStrategy",991355,0,1,1,True
nappatfpr,NewsBlur,com.newsblur,2,"TfprPrefetchingStrategy",1146,0,0,0,True
nappatfpr,NewsBlur,com.newsblur,2,"TfprPrefetchingStrategy",1010625,0,1,1,True
nappatfpr,NewsBlur,com.newsblur,2,"TfprPrefetchingStrategy",989,0,0,0,True
nappatfpr,NewsBlur,com.newsblur,2,"TfprPrefetchingStrategy",1132083,0,2,2,True
nappatfpr,NewsBlur,com.newsblur,2,"TfprPrefetchingStrategy",1284740,0,1,1,True
nappatfpr,NewsBlur,com.newsblur,2,"TfprPrefetchingStrategy",1030156,0,1,1,True
nappatfpr,NewsBlur,com.newsblur,2,"TfprPrefetchingStrategy",1927,0,0,0,True
nappatfpr,NewsBlur,com.newsblur,3,"TfprPrefetchingStrategy",1671614,0,2,2,True
nappatfpr,NewsBlur,com.newsblur,3,"TfprPrefetchingStrategy",793646,0,1,1,True
nappatfpr,NewsBlur,com.newsblur,3,"TfprPrefetchingStrategy",984375,0,1,1,True
nappatfpr,NewsBlur,com.newsblur,3,"TfprPrefetchingStrategy",833,0,0,0,True
nappatfpr,NewsBlur,com.newsblur,3,"TfprPrefetchingStrategy",921094,0,1,1,True
nappatfpr,NewsBlur,com.newsblur,3,"TfprPrefetchingStrategy",2500,0,0,0,True
nappatfpr,NewsBlur,com.newsblur,3,"TfprPrefetchingStrategy",1245521,0,2,2,True
nappatfpr,NewsBlur,com.newsblur,3,"TfprPrefetchingStrategy",1055260,0,1,1,True
nappatfpr,NewsBlur,com.newsblur,3,"TfprPrefetchingStrategy",1466094,0,1,1,True
nappatfpr,NewsBlur,com.newsblur,3,"TfprPrefetchingStrategy",2083,0,0,0,True
nappatfpr,NewsBlur,com.newsblur,3,"TfprPrefetchingStrategy",9516666,0,1,2,True
nappatfpr,NewsBlur,com.newsblur,3,"TfprPrefetchingStrategy",792188,0,1,1,True
nappatfpr,NewsBlur,com.newsblur,3,"TfprPrefetchingStrategy",859947,0,1,1,True
nappatfpr,NewsBlur,com.newsblur,3,"TfprPrefetchingStrategy",1094,0,0,0,True
nappatfpr,NewsBlur,com.newsblur,3,"TfprPrefetchingStrategy",914687,0,1,1,True
nappatfpr,NewsBlur,com.newsblur,3,"TfprPrefetchingStrategy",2187,0,0,0,True
nappatfpr,NewsBlur,com.newsblur,3,"TfprPrefetchingStrategy",4226406,0,2,2,True
nappatfpr,NewsBlur,com.newsblur,3,"TfprPrefetchingStrategy",1115261,0,1,1,True
nappatfpr,NewsBlur,com.newsblur,3,"TfprPrefetchingStrategy",708907,0,1,1,True
nappatfpr,NewsBlur,com.newsblur,3,"TfprPrefetchingStrategy",1823,0,0,0,True
nappatfpr,Travel Mate,io.github.project_travel_mate,1,"TfprPrefetchingStrategy",4348020,0,0,5,True
nappatfpr,Travel Mate,io.github.project_travel_mate,1,"TfprPrefetchingStrategy",1803229,0,0,5,True
nappatfpr,Travel Mate,io.github.project_travel_mate,1,"TfprPrefetchingStrategy",1914323,0,1,2,True
nappatfpr,Travel Mate,io.github.project_travel_mate,1,"TfprPrefetchingStrategy",1875,0,0,0,True
nappatfpr,Travel Mate,io.github.project_travel_mate,1,"TfprPrefetchingStrategy",1393750,0,1,2,True
nappatfpr,Travel Mate,io.github.project_travel_mate,1,"TfprPrefetchingStrategy",1041,0,0,0,True
nappatfpr,Travel Mate,io.github.project_travel_mate,1,"TfprPrefetchingStrategy",1198333,0,1,2,True
nappatfpr,Travel Mate,io.github.project_travel_mate,1,"TfprPrefetchingStrategy",2083,0,0,0,True
nappatfpr,Travel Mate,io.github.project_travel_mate,1,"TfprPrefetchingStrategy",1458,0,0,0,True
nappatfpr,Travel Mate,io.github.project_travel_mate,1,"TfprPrefetchingStrategy",2011303,0,0,5,True
nappatfpr,Travel Mate,io.github.project_travel_mate,1,"TfprPrefetchingStrategy",1004844,0,1,2,True
nappatfpr,Travel Mate,io.github.project_travel_mate,1,"TfprPrefetchingStrategy",1093,0,0,0,True
nappatfpr,Travel Mate,io.github.project_travel_mate,1,"TfprPrefetchingStrategy",1302,0,0,0,True
nappatfpr,Travel Mate,io.github.project_travel_mate,1,"TfprPrefetchingStrategy",1823,0,0,0,True
nappatfpr,Travel Mate,io.github.project_travel_mate,1,"TfprPrefetchingStrategy",1771,0,0,0,True
nappatfpr,Travel Mate,io.github.project_travel_mate,1,"TfprPrefetchingStrategy",1458,0,0,0,True
nappatfpr,Travel Mate,io.github.project_travel_mate,1,"TfprPrefetchingStrategy",1979,0,0,0,True
nappatfpr,Travel Mate,io.github.project_travel_mate,1,"TfprPrefetchingStrategy",1667,0,0,0,True
nappatfpr,Travel Mate,io.github.project_travel_mate,1,"TfprPrefetchingStrategy",5990,0,0,0,True
nappatfpr,Travel Mate,io.github.project_travel_mate,1,"TfprPrefetchingStrategy",5937,0,0,0,True
nappatfpr,Travel Mate,io.github.project_travel_mate,2,"TfprPrefetchingStrategy",2615417,0,0,5,True
nappatfpr,Travel Mate,io.github.project_travel_mate,2,"TfprPrefetchingStrategy",1537917,0,0,5,True
nappatfpr,Travel Mate,io.github.project_travel_mate,2,"TfprPrefetchingStrategy",994740,0,1,2,True
nappatfpr,Travel Mate,io.github.project_travel_mate,2,"TfprPrefetchingStrategy",990,0,0,0,True
nappatfpr,Travel Mate,io.github.project_travel_mate,2,"TfprPrefetchingStrategy",812188,0,1,2,True
nappatfpr,Travel Mate,io.github.project_travel_mate,2,"TfprPrefetchingStrategy",781,0,0,0,True
nappatfpr,Travel Mate,io.github.project_travel_mate,2,"TfprPrefetchingStrategy",1136094,0,1,2,True
nappatfpr,Travel Mate,io.github.project_travel_mate,2,"TfprPrefetchingStrategy",1719,0,0,0,True
nappatfpr,Travel Mate,io.github.project_travel_mate,2,"TfprPrefetchingStrategy",1042,0,0,0,True
nappatfpr,Travel Mate,io.github.project_travel_mate,2,"TfprPrefetchingStrategy",1698542,0,0,5,True
nappatfpr,Travel Mate,io.github.project_travel_mate,2,"TfprPrefetchingStrategy",995885,0,1,2,True
nappatfpr,Travel Mate,io.github.project_travel_mate,2,"TfprPrefetchingStrategy",989,0,0,0,True
nappatfpr,Travel Mate,io.github.project_travel_mate,2,"TfprPrefetchingStrategy",1823,0,0,0,True
nappatfpr,Travel Mate,io.github.project_travel_mate,2,"TfprPrefetchingStrategy",1250,0,0,0,True
nappatfpr,Travel Mate,io.github.project_travel_mate,2,"TfprPrefetchingStrategy",1510,0,0,0,True
nappatfpr,Travel Mate,io.github.project_travel_mate,2,"TfprPrefetchingStrategy",1667,0,0,0,True
nappatfpr,Travel Mate,io.github.project_travel_mate,2,"TfprPrefetchingStrategy",1666,0,0,0,True
nappatfpr,Travel Mate,io.github.project_travel_mate,2,"TfprPrefetchingStrategy",2240,0,0,0,True
nappatfpr,Travel Mate,io.github.project_travel_mate,2,"TfprPrefetchingStrategy",3229,0,0,0,True
nappatfpr,Travel Mate,io.github.project_travel_mate,2,"TfprPrefetchingStrategy",2344,0,0,0,True
nappatfpr,Travel Mate,io.github.project_travel_mate,3,"TfprPrefetchingStrategy",2464010,0,0,5,True
nappatfpr,Travel Mate,io.github.project_travel_mate,3,"TfprPrefetchingStrategy",1815990,0,0,5,True
nappatfpr,Travel Mate,io.github.project_travel_mate,3,"TfprPrefetchingStrategy",1080313,0,1,2,True
nappatfpr,Travel Mate,io.github.project_travel_mate,3,"TfprPrefetchingStrategy",885,0,0,0,True
nappatfpr,Travel Mate,io.github.project_travel_mate,3,"TfprPrefetchingStrategy",1271719,0,1,2,True
nappatfpr,Travel Mate,io.github.project_travel_mate,3,"TfprPrefetchingStrategy",1823,0,0,0,True
nappatfpr,Travel Mate,io.github.project_travel_mate,3,"TfprPrefetchingStrategy",2803438,0,1,2,True
nappatfpr,Travel Mate,io.github.project_travel_mate,3,"TfprPrefetchingStrategy",1406,0,0,0,True
nappatfpr,Travel Mate,io.github.project_travel_mate,3,"TfprPrefetchingStrategy",1562,0,0,0,True
nappatfpr,Travel Mate,io.github.project_travel_mate,3,"TfprPrefetchingStrategy",1805417,0,0,5,True
nappatfpr,Travel Mate,io.github.project_travel_mate,3,"TfprPrefetchingStrategy",1083541,0,1,2,True
nappatfpr,Travel Mate,io.github.project_travel_mate,3,"TfprPrefetchingStrategy",1354,0,0,0,True
nappatfpr,Travel Mate,io.github.project_travel_mate,3,"TfprPrefetchingStrategy",1667,0,0,0,True
nappatfpr,Travel Mate,io.github.project_travel_mate,3,"TfprPrefetchingStrategy",1615,0,0,0,True
nappatfpr,Travel Mate,io.github.project_travel_mate,3,"TfprPrefetchingStrategy",1667,0,0,0,True
nappatfpr,Travel Mate,io.github.project_travel_mate,3,"TfprPrefetchingStrategy",1719,0,0,0,True
nappatfpr,Travel Mate,io.github.project_travel_mate,3,"TfprPrefetchingStrategy",1718,0,0,0,True
nappatfpr,Travel Mate,io.github.project_travel_mate,3,"TfprPrefetchingStrategy",4062,0,0,0,True
nappatfpr,Travel Mate,io.github.project_travel_mate,3,"TfprPrefetchingStrategy",1458,0,0,0,True
nappatfpr,Travel Mate,io.github.project_travel_mate,3,"TfprPrefetchingStrategy",1719,0,0,0,True
